,log_gross,version_count,release_width
0,18.908066389354047,7,3012.0
3,18.607498170826336,2,3358.0
4,18.57453505129421,5,3330.0
6,18.323184997536348,9,3674.0
8,17.858789466553368,10,3353.0
9,17.754888210111602,8,3020.0
10,17.624179344884933,26,3003.0
13,17.46716020375802,0,3305.0
14,17.457846681885822,11,3314.0
17,17.43718465810092,8,3138.0
18,17.39969805066596,6,2447.0
20,17.281739682859982,9,3402.0
21,17.26416216420677,5,2735.0
23,17.03590111504618,5,2629.0
24,17.02700391938393,9,2555.0
25,16.82437798642113,2,2323.0
28,16.688380549552335,10,3330.0
29,16.673053005220776,9,2313.0
31,16.59979190426374,5,1761.0
35,16.525296318777716,8,2424.0
37,16.48841919751693,20,1408.0
41,16.304084392071456,6,1541.0
42,16.21670637795932,0,522.0
45,16.088288601906086,13,450.0
48,16.032101937791342,10,354.0
51,15.909471185743312,10,396.0
52,15.868605429229008,16,2676.0
54,15.819328229096774,2,2319.0
56,15.59612380487927,6,2002.0
61,15.167070089294205,5,263.0
64,14.521242220714834,2,150.0
68,14.010291671107968,3,84.0
70,13.743444039087656,15,95.0
71,13.678833651966999,16,29.0
73,13.595530746742423,9,28.0
75,13.491984358603528,0,24.0
76,13.442312716815726,6,45.0
77,13.426380306674583,15,221.0
78,13.396938933485359,0,21.0
79,13.284097799256436,0,139.0
80,13.27702763961129,1,138.0
81,13.276722606912163,3,24.0
82,13.239644954017807,8,21.0
83,13.142179730096512,18,67.0
86,13.029489028553577,7,42.0
87,12.860881723321674,1,102.0
89,12.678261385681246,0,29.0
90,12.53969081316848,5,6.0
92,12.234373375176757,5,7.0
97,11.438772876436595,13,8.0
98,11.388631277698188,0,3.0
100,10.93544352356233,2,146.0
101,10.917358612749148,11,10.0
102,10.837598555980199,11,7.0
105,9.725436862592819,0,50.0
106,9.29228895462335,1,50.0
108,16.177882651479727,5,272.0
109,15.484718138610814,1,196.0
110,15.05119072850063,0,125.0
111,14.846869176143914,4,132.0
112,14.720819206912095,0,180.0
113,14.621170912821066,14,137.0
114,14.61480039822763,0,113.0
115,14.602919186783625,6,66.0
116,14.27289742959855,1,153.0
117,14.242472282594948,12,90.0
118,14.23063420518362,1,124.0
119,14.128146672245459,2,96.0
120,14.071568053430362,0,85.0
122,14.017013634174157,7,74.0
123,13.960082652118276,0,111.0
124,13.931092951761382,1,110.0
125,13.889172645011719,0,108.0
126,13.862530584936298,6,119.0
127,13.83269702098702,4,108.0
128,13.687578317930694,1,90.0
129,13.65062766002299,14,85.0
130,13.595808577644862,0,50.0
131,13.563675565641987,0,120.0
132,13.538374018735537,0,70.0
133,13.533503021502872,2,83.0
134,13.53261700224429,0,59.0
135,13.512410232784113,1,83.0
137,13.485291131715494,0,79.0
138,13.473735486132187,0,61.0
139,13.366319242188466,0,78.0
141,13.302462466345185,0,114.0
143,13.102474906423685,0,62.0
144,13.04664796015655,0,92.0
145,12.995722476436931,0,48.0
146,12.805889435209744,0,48.0
147,12.72074486166474,0,31.0
148,12.699594417458622,0,37.0
150,12.509431197366963,1,99.0
151,12.506943610908413,0,68.0
153,12.42954814174458,0,39.0
154,12.31087400488925,0,25.0
155,12.271279693154108,0,45.0
156,12.227702034653051,0,34.0
157,12.221177983305777,0,89.0
158,12.191887510538093,0,59.0
159,12.162340169665168,0,40.0
160,12.088093965736725,0,49.0
161,12.038724426704706,0,74.0
162,12.03553933355072,0,68.0
164,11.919802908596225,0,35.0
165,11.874139093479888,0,60.0
166,11.783753807849848,0,73.0
168,11.52098291634796,0,21.0
169,11.429195969438696,0,27.0
170,11.383249487813838,1,33.0
172,11.061138892943045,0,16.0
174,10.604379663543519,0,10.0
176,10.312811870970013,0,10.0
179,9.831615540298333,0,4.0
180,9.745487807887239,0,9.0
181,9.705463352014883,0,8.0
182,9.56317796268366,2,9.0
183,9.4053313318708,0,16.0
184,9.2237500588861,0,7.0
185,9.212038928611765,0,10.0
186,8.917444732471514,1,2.0
187,8.753055515138222,1,7.0
188,8.717354666338522,0,11.0
189,8.5422759717837,0,10.0
190,7.942717540573791,0,24.0
191,20.094679723519874,0,4366.0
192,19.92061423102686,11,4404.0
199,19.49423568643956,8,3792.0
200,19.492280586128313,3,4285.0
201,19.48899023214754,0,4207.0
202,19.485436431658634,5,3858.0
203,19.45591458855544,18,3603.0
204,19.440691657672144,9,3545.0
205,19.42897694654453,27,3820.0
206,19.38381109892696,3,3682.0
207,19.369891051521567,15,3928.0
209,19.36222202054869,3,3648.0
210,19.360529689131695,6,3407.0
211,19.357243749684233,13,3875.0
212,19.354671128715392,22,3675.0
213,19.341715899229534,5,2201.0
215,19.303296894253247,7,2808.0
216,19.165542090570952,7,3280.0
217,19.157982020610962,6,3626.0
218,19.145612771548517,2,3790.0
219,19.140196078939596,6,3858.0
220,19.114233802132844,4,4065.0
221,19.10377918966763,2,3804.0
223,19.04580824717542,14,3703.0
224,19.030615388236193,8,2893.0
225,19.029770870120025,13,2425.0
227,19.02290947393226,3,3407.0
228,18.959976791483097,6,2903.0
229,18.924444942436224,7,2369.0
230,18.90822769773983,1,2644.0
231,18.90788163643972,1,3650.0
233,18.84364031432415,2,3325.0
235,18.828616876563267,7,3504.0
236,18.813860420914867,4,1537.0
238,18.8076694497391,8,1830.0
239,18.790391046238707,1,2568.0
240,18.752240562954956,4,3502.0
241,18.73840796395287,36,3115.0
242,18.734040606961933,7,2875.0
243,18.728352948179086,5,3247.0
245,18.708699679659347,5,3411.0
246,18.70121972768207,8,3017.0
247,18.686459196517912,3,3117.0
248,18.68549744489153,2,3915.0
250,18.64640072541819,7,3602.0
251,18.61908658565935,6,1806.0
252,18.6042185608021,2,3540.0
254,18.582276999417342,7,3134.0
256,18.574269883288128,7,3816.0
258,18.549994212378206,11,3342.0
259,18.549263659284083,7,3120.0
260,18.535794192763895,7,3565.0
261,18.526186616045432,4,2938.0
263,18.504709407906162,13,2313.0
264,18.501205178653727,16,2705.0
266,18.493092554866138,3,3611.0
268,18.4872702042257,2,2537.0
269,18.48654027030322,5,2668.0
271,18.48440691334659,23,3490.0
272,18.47198781424503,0,2604.0
273,18.458557188596846,8,3500.0
275,18.436861841025,7,2537.0
276,18.433553157795238,12,2556.0
277,18.43218874219965,6,2087.0
278,18.429841941739745,6,2314.0
279,18.428331958614713,14,2022.0
280,18.42605669758384,7,3365.0
282,18.423137832835597,6,3515.0
283,18.42274117979579,16,3505.0
284,18.397319748366403,4,3434.0
285,18.373040684159275,6,3445.0
287,18.367649719533546,8,3111.0
288,18.367113297218435,7,3454.0
292,18.35224680551894,0,3040.0
293,18.35191839232224,5,2755.0
294,18.3393216752557,8,2935.0
295,18.338550645026114,13,2365.0
296,18.320471084274462,1,2835.0
300,18.28035772320217,9,3302.0
301,18.273377096275183,7,1451.0
304,18.252563017459092,22,3465.0
308,18.24111305976803,11,2248.0
309,18.234532944418852,8,2168.0
310,18.21241218434949,12,1587.0
311,18.20090933805941,1,3785.0
312,18.19412072565547,9,3755.0
313,18.180964546830946,2,2433.0
314,18.180094563105257,2,3242.0
316,18.1683481189136,12,1937.0
317,18.16234343141923,3,3735.0
318,18.154524088451897,7,2712.0
319,18.14601800431744,6,2806.0
320,18.14593040174729,2,3006.0
322,18.140051501719494,1,2505.0
324,18.115614586771088,13,1582.0
325,18.11480947312768,6,2901.0
326,18.096151807336962,4,3515.0
327,18.095191516669487,10,1963.0
328,18.09227079755085,3,3603.0
330,18.08546675740242,8,2037.0
331,18.085440386256646,1,1986.0
332,18.084395859779587,11,3212.0
333,18.082680704835052,17,1950.0
336,18.07127978035646,0,3365.0
337,18.0697819146698,7,1395.0
339,18.066468778675688,15,1725.0
341,18.06075722911637,1,2688.0
344,18.029999218191936,9,2230.0
345,18.0297498949218,7,1602.0
346,18.029685953968507,4,2845.0
347,18.026701687863834,8,1704.0
348,18.02549531344687,5,2610.0
349,18.0192320044269,5,2848.0
350,18.01237711104174,5,3121.0
352,17.99307933073895,8,1420.0
353,17.992779870781543,26,3525.0
354,17.983987163478957,6,1625.0
355,17.977000693134215,3,3255.0
356,17.974494667470633,8,3611.0
357,17.970738688865335,13,1337.0
358,17.967208153049775,11,1137.0
360,17.965110277686186,0,1575.0
361,17.96293306280817,13,1916.0
364,17.926422159130453,0,3290.0
366,17.92103929350317,9,3555.0
367,17.92066376245288,2,2942.0
368,17.91744520911278,7,3175.0
369,17.911337021627848,12,1700.0
370,17.909031831377128,0,1763.0
371,17.904751786971737,3,2382.0
372,17.901653663327853,6,1823.0
373,17.87691462379047,17,2258.0
374,17.86517004858292,7,1920.0
375,17.864902767189545,16,2522.0
376,17.863156377469636,5,2910.0
377,17.86149445127065,5,2817.0
378,17.85097550828747,11,2289.0
379,17.840385992450276,6,2641.0
380,17.840079567484377,8,1710.0
381,17.835332846837147,2,2483.0
383,17.83369375922081,8,1613.0
384,17.83068277391622,14,1560.0
385,17.82737936895026,1,3175.0
386,17.819762254829914,5,1694.0
388,17.81270813281675,0,3400.0
389,17.80725187383948,4,3120.0
390,17.801798157565987,5,2102.0
391,17.798845493117284,9,2471.0
392,17.79286217232841,15,3323.0
393,17.792847052914407,7,3150.0
395,17.791733621007676,11,2080.0
396,17.78353605607952,1,2545.0
397,17.773082499500354,2,2645.0
398,17.76210114055721,2,2830.0
399,17.755891159037212,6,2625.0
400,17.752631264655,15,2085.0
401,17.74469720181462,6,1787.0
403,17.738920268107154,6,2955.0
404,17.73698561170762,22,3157.0
405,17.733172952106393,3,1904.0
406,17.729172060322885,8,1762.0
407,17.728015107431478,20,2150.0
409,17.722973622647142,6,3185.0
410,17.71474455149391,16,1547.0
412,17.70819219929801,18,2131.0
414,17.702240144854294,5,2840.0
415,17.69662076851642,5,3233.0
416,17.69024511022185,0,1249.0
417,17.689698333214196,9,1535.0
418,17.67885480601702,6,905.0
419,17.674361178303467,7,1508.0
420,17.668310553858415,20,3181.0
421,17.666657936326803,21,2905.0
422,17.66216726507517,12,1328.0
423,17.659431923212267,4,1304.0
424,17.658898706382065,6,2652.0
426,17.650536097592923,21,3555.0
428,17.644171584695478,8,3103.0
429,17.641072500406803,0,1175.0
430,17.623521782227623,6,2950.0
431,17.62089879177075,5,2048.0
432,17.619402123378226,16,3150.0
433,17.616312776505737,4,2754.0
434,17.61207065665419,5,2436.0
435,17.601742740822107,1,2714.0
436,17.601191193423457,8,1974.0
438,17.598466840708475,8,3606.0
439,17.59730785525317,5,2505.0
440,17.5951402200869,1,2715.0
442,17.590240888864557,0,3705.0
443,17.590089681238485,10,1788.0
444,17.589313803242714,9,2606.0
445,17.58398392675154,2,3066.0
446,17.579218665550183,2,2425.0
447,17.57671676666253,2,2815.0
449,17.570271779094462,12,1647.0
450,17.5670746987385,10,3155.0
451,17.559946967879608,5,3235.0
454,17.549618101490235,1,2704.0
455,17.548932740076783,4,2813.0
456,17.545705716703573,0,198.0
457,17.543520600978116,5,2750.0
458,17.540775146274704,1,2155.0
459,17.53904667192128,9,1710.0
460,17.53619267846774,10,1411.0
461,17.535915132276067,2,2420.0
463,17.52672846556534,17,1827.0
464,17.509436730942713,12,3117.0
465,17.506319574275135,1,2824.0
468,17.49618547169567,6,2010.0
470,17.489384515628796,7,1802.0
471,17.489140984392705,1,2714.0
472,17.480431817861632,7,2583.0
473,17.48026351983647,5,2904.0
474,17.472599893550985,12,1183.0
475,17.468515601803052,3,2010.0
476,17.466652136976972,11,3470.0
477,17.462238696902627,12,1655.0
478,17.45632526348127,3,2503.0
481,17.45527098383892,5,2917.0
482,17.450548605587635,13,1831.0
483,17.44705262045799,4,1955.0
484,17.444166487936346,8,3030.0
485,17.439621171085726,3,2170.0
486,17.43466553374651,1,1985.0
487,17.426976347523556,4,2814.0
488,17.423897161438862,3,2711.0
489,17.423590420123354,2,2706.0
490,17.42245360832688,7,2059.0
491,17.42158440569609,7,1080.0
492,17.420840019398195,17,2837.0
493,17.410089222667953,1,2070.0
494,17.40987332237733,9,3033.0
495,17.405404107567318,6,1475.0
496,17.401953910594287,1,2964.0
498,17.392428228135735,9,3212.0
500,17.378877638150165,4,1873.0
501,17.375463827756768,4,3452.0
503,17.362606002953342,6,2625.0
505,17.361474583939327,6,2021.0
507,17.35828145749868,4,2152.0
509,17.350574013738854,5,2445.0
512,17.33787316035231,5,2573.0
513,17.33346633199661,10,2945.0
514,17.332750587612328,5,1634.0
515,17.327641735664546,2,2130.0
516,17.322792473120074,5,2656.0
517,17.321572962548004,3,2505.0
518,17.31346050293777,7,2985.0
519,17.31309018093105,14,3276.0
521,17.303499056249414,3,2905.0
522,17.30234549001497,2,2705.0
524,17.299790054388243,5,2705.0
525,17.28817760355133,4,1249.0
526,17.28532024537409,2,2635.0
527,17.28286755233475,13,1661.0
528,17.27954967829247,1,2663.0
529,17.278318867040408,13,1107.0
532,17.27069606303171,1,2310.0
533,17.255330621430502,13,1332.0
534,17.253714633133203,8,1964.0
536,17.247305457879097,8,2735.0
537,17.241372649388495,0,703.0
538,17.23736582200273,0,2167.0
539,17.227872054997185,5,2511.0
540,17.226759651478986,15,2343.0
541,17.22363717691509,5,2630.0
542,17.220483835284874,3,2787.0
543,17.219275008550426,9,2301.0
544,17.217985856076602,9,1659.0
545,17.21026254596516,16,2856.0
546,17.20706735146471,6,560.0
547,17.19823567300793,5,1288.0
548,17.16886049096107,5,2507.0
549,17.168590823909064,5,1599.0
550,17.16351554484311,5,1508.0
551,17.15279269088093,2,3050.0
552,17.15049950941093,0,1845.0
553,17.14990349321813,10,1750.0
555,17.14080791141696,5,2361.0
557,17.127584406331575,7,1368.0
558,17.11534947912612,22,2023.0
559,17.107266552974266,4,2240.0
560,17.106494407853063,6,731.0
563,17.084529688236092,10,1062.0
564,17.08260804257674,4,2525.0
565,17.080759571325153,5,904.0
566,17.071386324204195,16,3171.0
567,17.06951450196664,4,1603.0
568,17.06606747511182,6,2158.0
569,17.06190998925367,17,1002.0
573,19.84380083716198,15,4028.0
574,19.829259928580676,0,4253.0
576,19.64361752400454,8,3425.0
580,19.53717852272938,5,3416.0
581,19.49740963482206,5,2821.0
582,19.495697378484454,12,3886.0
583,19.491273996696773,5,3853.0
584,19.408334521829374,0,4004.0
585,19.381719546493773,0,3933.0
586,19.375293985716,0,3938.0
587,19.360192762645347,8,3649.0
589,19.313018815603858,8,3988.0
591,19.300605380691483,0,4164.0
592,19.28476495194024,0,4164.0
593,19.27472078893255,0,3912.0
594,19.244709834104402,4,3453.0
597,19.208974977375796,3,3832.0
599,19.145547758972835,6,3940.0
600,19.145143144513742,5,3841.0
601,19.121687864098476,6,3184.0
602,19.117929182843152,7,3603.0
603,19.106514012949628,7,3255.0
604,19.07194407997048,11,2574.0
605,19.070149750826243,10,4115.0
609,18.968853561545206,6,3243.0
610,18.96336986938028,8,3451.0
611,18.957710923575515,6,3131.0
612,18.94959053106551,12,3014.0
615,18.91512104450171,9,3158.0
617,18.89996397173489,6,2782.0
618,18.868262176574206,16,1598.0
620,18.79770754276557,0,3222.0
621,18.791094377407813,8,2388.0
622,18.768668493245393,6,3929.0
624,18.754328638729564,6,2087.0
625,18.751683241645477,7,3352.0
626,18.74093694419244,5,3319.0
627,18.731781552104117,9,2768.0
628,18.729556343597494,14,2901.0
629,18.723645427624884,6,3658.0
630,18.71386896222269,12,2426.0
631,18.703727165859718,3,2910.0
632,18.68860010411135,19,1498.0
634,18.66145529569886,3,3313.0
636,18.608157771771666,4,2953.0
638,18.56612002664531,6,2803.0
639,18.553440138663166,7,3733.0
640,18.552178887175558,6,3654.0
641,18.543666824707614,6,3181.0
642,18.529982008648997,4,2517.0
643,18.518082661819204,5,3067.0
644,18.516917539769985,7,3684.0
645,18.499944280458564,6,2749.0
646,18.471974979839473,2,2616.0
647,18.466001869387338,6,2139.0
649,18.457386046110365,4,2332.0
650,18.437032039897513,7,3089.0
651,18.43179448688808,6,2941.0
652,18.42206829086376,26,2835.0
655,18.398661806654598,2,3435.0
656,18.394368718821035,5,2877.0
658,18.371180378149447,4,3490.0
659,18.369506800336964,5,2708.0
660,18.36426278296835,6,3239.0
661,18.347865139408675,1,2679.0
662,18.3306159281414,9,2514.0
663,18.32372564801498,9,3646.0
664,18.32249666044002,5,3342.0
665,18.321516723635103,3,3626.0
666,18.318523005036273,38,3716.0
667,18.312062694956023,5,3424.0
668,18.307800693993475,5,1712.0
670,18.307535729776788,0,3904.0
671,18.299994915516653,5,3440.0
672,18.293264137856436,9,1759.0
673,18.26365853857238,8,3440.0
675,18.257213141076853,9,1783.0
676,18.252263536113343,2,3458.0
677,18.250554872543052,12,1533.0
681,18.225546761456503,6,3210.0
682,18.21749379092333,9,3122.0
683,18.212087816985864,5,2454.0
684,18.210663366249,14,2086.0
686,18.192225472899533,9,3231.0
687,18.17507112227444,21,1462.0
688,18.15403069963651,0,2148.0
689,18.14423221828387,3,3122.0
690,18.13809981186583,6,2362.0
691,18.126869352209305,5,3261.0
692,18.12415022588218,5,2606.0
694,18.107039290230794,13,3749.0
695,18.086953043643476,2,1114.0
697,18.07931536541433,0,1888.0
698,18.061450165731916,15,1186.0
700,18.047531744869623,11,1832.0
701,18.026253093382742,6,2452.0
702,18.02472205630254,6,3065.0
703,18.022775894928223,2,3268.0
704,18.01956156858327,5,2704.0
707,18.009828923525095,5,2407.0
708,18.00552608338539,5,3521.0
709,18.000201987958853,13,1364.0
710,17.998152205021558,1,2162.0
711,17.994933144731796,11,2647.0
713,17.980283962395916,1,2755.0
714,17.97499683436644,28,3108.0
715,17.973562280214047,4,2912.0
716,17.969818017228903,8,1805.0
717,17.957857418515452,10,2794.0
718,17.94480752230305,4,1084.0
719,17.924471232501137,6,3101.0
721,17.922874482615182,3,2664.0
722,17.917771568921328,4,2755.0
723,17.908648025273695,5,2340.0
724,17.90507630314087,5,3108.0
725,17.895854010495476,0,3839.0
726,17.887310420844543,5,2429.0
727,17.886603091539836,11,2232.0
728,17.88164859687007,1,2268.0
729,17.879805811499544,4,2767.0
730,17.876260124965736,8,2528.0
731,17.87261960322654,8,2987.0
732,17.86414322079472,13,2178.0
735,17.857464768110685,7,2751.0
737,17.849840838116403,18,1955.0
738,17.824668205126176,15,3156.0
739,17.823057029540504,5,3241.0
741,17.808819719202255,4,2211.0
742,17.802619607078203,2,2128.0
743,17.79105384755263,0,1503.0
744,17.789722701890604,6,2005.0
745,17.7874970914404,3,2305.0
746,17.783247152865034,5,1316.0
747,17.78206227815819,4,2376.0
749,17.772391855492838,14,1205.0
750,17.764487170139404,1,3086.0
751,17.763959509435136,8,2717.0
753,17.750920211387015,17,3194.0
754,17.74907399355962,6,1639.0
756,17.74471776560373,10,2465.0
757,17.74246822408702,3,1873.0
758,17.740095076200166,5,2559.0
759,17.732259000905465,9,1921.0
761,17.728142597893253,7,3058.0
764,17.71732281063241,0,3425.0
765,17.695635341641704,5,2626.0
766,17.6902294571741,1,2043.0
768,17.684659088975636,5,2815.0
769,17.679245496151225,2,1941.0
770,17.65934157111608,6,1903.0
771,17.658537163327814,2,1984.0
773,17.635646866776458,4,2706.0
774,17.635646537904222,7,2223.0
775,17.634420693733023,5,2818.0
777,17.633240400251285,13,1370.0
779,17.610551084704777,5,1888.0
780,17.605983817582043,8,2534.0
781,17.594244541393763,1,3013.0
782,17.59081361844786,4,1701.0
783,17.59005464094289,5,3115.0
784,17.582043035961266,18,2012.0
785,17.578151077638225,5,2629.0
787,17.57051606148818,6,2825.0
788,17.5684780176864,7,2397.0
789,17.568255423916035,0,2792.0
790,17.562664179622317,9,2439.0
793,17.521578367297902,6,2090.0
794,17.518955567468524,8,1374.0
796,17.508145127797803,8,1232.0
798,17.49935714341491,5,1589.0
799,17.49218364153018,14,1472.0
802,17.468186813644653,6,2992.0
804,17.457774339487383,9,2311.0
805,17.45773811393768,6,3227.0
807,17.43949174624027,6,2721.0
808,17.43675459383457,9,2854.0
809,17.427721688096234,5,2171.0
811,17.42236891743711,6,2349.0
812,17.419210837398534,13,1337.0
814,17.411661240071986,0,3019.0
818,17.380769260693206,8,2176.0
819,17.373187163432515,4,2246.0
820,17.364931373701744,4,1259.0
821,17.36206235983263,14,2204.0
822,17.35265027775144,12,1148.0
823,17.35145416487623,4,2089.0
824,17.344960628543813,6,2129.0
827,17.312018119430753,13,1112.0
829,17.30510006294697,0,2129.0
830,17.302851965575872,3,2313.0
831,17.30229319741353,5,2456.0
832,17.281608145348244,0,1804.0
833,17.28125586696976,5,2005.0
835,17.261909577492233,8,2000.0
839,17.24504126636041,8,1621.0
840,17.24322633162123,11,1746.0
841,17.238603342858887,6,3036.0
842,17.23579034030141,19,1732.0
843,17.222032439286068,2,2944.0
846,17.21107822246474,0,1631.0
847,17.20328491929429,2,540.0
849,17.196247307892804,4,1379.0
850,17.194157853519464,4,2503.0
851,17.193101145654932,9,1519.0
853,17.185902005372274,5,1844.0
854,17.18281676720723,13,1954.0
856,17.18186677423822,1,1567.0
857,17.180946970650197,19,2268.0
858,17.178703707593204,11,1452.0
859,17.17373418729045,1,1201.0
860,17.15490732034596,13,1640.0
861,17.15072328890289,2,1242.0
864,17.145264245898066,2,1487.0
865,17.14082089355108,2,1863.0
867,17.12171963134924,3,2084.0
869,17.10987192855302,13,2319.0
870,17.108035872756425,8,2044.0
871,17.099906147393217,10,2405.0
872,17.095310743252217,4,1731.0
873,17.092345544876878,2,1878.0
875,17.08603934053342,9,1604.0
877,17.062081429943433,8,2548.0
879,17.053387041579,5,1373.0
880,17.053143444107114,5,2657.0
883,17.047768205516004,13,1198.0
884,17.035568443922905,0,1956.0
886,17.021112513538927,4,2158.0
887,17.01019577521652,5,2501.0
888,17.007316230132204,8,1788.0
889,16.999678119645647,13,1084.0
890,16.99787151597302,8,1803.0
892,16.99390337251725,6,2801.0
893,16.992743384714313,0,2094.0
894,16.990227493733656,9,1614.0
895,16.97517619023924,7,1391.0
897,16.972910133484234,6,1541.0
899,16.95726768606935,1,1795.0
901,16.954757722762732,9,2009.0
902,16.95241964206045,3,1661.0
904,16.949050561315428,4,2060.0
905,16.945171357774786,5,1427.0
906,16.944570509644397,1,1571.0
907,16.929829855000914,7,1533.0
908,16.92523919566385,6,2609.0
911,16.89951553353626,5,2502.0
912,16.89793356127273,5,2736.0
913,16.88782083634239,6,1538.0
914,16.886714477018124,4,1414.0
915,16.881618766132323,9,1266.0
916,16.880637915440282,4,1857.0
917,16.87856301150313,13,3117.0
918,16.87824757465379,6,2035.0
919,16.87368659768781,13,1276.0
921,16.86961074417509,10,1477.0
922,16.860335854583216,5,2036.0
925,16.85599939545853,0,2081.0
927,16.839777274331333,2,2019.0
928,16.831998240068316,4,1207.0
929,16.823177726474214,3,1393.0
930,16.821613668005952,7,1477.0
931,16.813620203329126,2,1561.0
932,16.81151454460092,1,1176.0
935,16.80569240636795,0,1944.0
937,16.798457546978607,5,1846.0
939,16.797450655218608,16,1740.0
940,16.784801623525645,6,2016.0
942,16.781933426674605,1,1232.0
943,16.775000438762362,5,1536.0
945,16.768439657006336,5,1460.0
946,16.766833472593838,3,970.0
948,16.756642073498124,6,2019.0
950,20.2137529977682,6,3265.0
951,19.81224089145169,9,4293.0
952,19.68025061568437,6,4088.0
954,19.592295458645122,2,4172.0
955,19.581473127982015,3,4050.0
956,19.578857016865573,2,4154.0
957,19.5747312683576,4,4264.0
958,19.559901663580344,8,4390.0
959,19.367423157002907,17,4053.0
960,19.318559311468544,19,4233.0
961,19.29087219338529,5,4386.0
962,19.274076309774333,12,2006.0
963,19.272029050197176,4,3910.0
964,19.24826554826034,23,3907.0
966,19.198082814630332,7,4060.0
968,19.188167899394177,2,4136.0
969,19.18805323156774,4,3669.0
972,19.125557419239133,33,3607.0
973,19.105551398366156,3,4136.0
977,19.023967257603264,3,3092.0
978,19.01417676828868,0,3963.0
979,19.0139073411115,11,3012.0
980,19.008528240337547,1,4065.0
982,18.99042635441071,4,1531.0
984,18.979173078192805,4,1495.0
985,18.922964366483324,9,3952.0
986,18.89888208619265,10,3680.0
987,18.89055230197708,11,862.0
988,18.880308018297075,2,2393.0
989,18.878861381259178,3,3654.0
990,18.8694970805702,15,1401.0
991,18.859060441293416,5,4093.0
992,18.850285700522843,0,2326.0
993,18.841083783535122,1,3240.0
994,18.827488270613415,6,4007.0
995,18.821203686319993,5,3963.0
996,18.8155287091376,5,3949.0
997,18.76046651332684,3,3280.0
998,18.713572728711355,6,4059.0
1000,18.696585133484714,9,3203.0
1001,18.691990035952806,3,3349.0
1003,18.66872996613403,9,2064.0
1004,18.667641863654,7,3356.0
1005,18.66370006498582,5,2988.0
1006,18.659730549393302,4,3424.0
1007,18.656790090874086,2,3984.0
1008,18.648757713919963,4,2911.0
1009,18.645170332951253,6,3507.0
1010,18.63157037775382,6,3923.0
1011,18.623809815131168,8,3734.0
1012,18.62106908410146,5,2433.0
1013,18.619635228475737,5,1817.0
1015,18.593852535688157,6,3230.0
1017,18.591221073825395,2,3467.0
1018,18.579645747730734,6,3139.0
1019,18.576835363122708,27,2557.0
1020,18.57547314354773,7,3002.0
1021,18.54733476910664,3,2411.0
1023,18.520664648506393,3,3473.0
1024,18.513379626376345,0,1956.0
1025,18.509663767635264,0,2837.0
1028,18.484725946553354,4,1922.0
1030,18.480162133704454,4,2877.0
1031,18.477187468266592,3,2923.0
1032,18.474119164410947,3,2406.0
1033,18.46017840913551,4,3329.0
1034,18.45423889734027,30,3672.0
1037,18.44051296884975,16,3345.0
1038,18.43498537315318,1,3614.0
1039,18.432609749600154,19,3571.0
1040,18.431338764927855,0,3069.0
1041,18.42684514493137,7,2842.0
1042,18.42561529898502,1,2832.0
1043,18.376453029462702,5,3145.0
1045,18.356380861005103,10,2638.0
1047,18.347262412403424,9,1140.0
1048,18.33760221951335,3,2812.0
1049,18.326996307910207,3,2570.0
1050,18.319807921297922,5,1389.0
1051,18.30094170657126,3,3202.0
1053,18.27053268460806,7,3054.0
1054,18.263067268897426,5,3307.0
1055,18.255250604521528,2,3239.0
1058,18.238578207171777,4,2396.0
1060,18.230376203767513,1,2307.0
1061,18.225645659671283,2,3249.0
1062,18.22537675083596,5,1002.0
1063,18.217833301093652,12,540.0
1064,18.213635233576916,6,2369.0
1065,18.21317893279011,0,2951.0
1066,18.210232527271266,7,2676.0
1067,18.209172143326146,7,3151.0
1068,18.207722322656515,6,2721.0
1069,18.200154913415524,2,3132.0
1070,18.200009047585958,1,3083.0
1071,18.19842100196361,9,3352.0
1072,18.198142421949942,2,3411.0
1073,18.197979619752843,9,1384.0
1074,18.195258811598137,4,1714.0
1075,18.183856068898844,0,1621.0
1076,18.183292567989714,9,1050.0
1077,18.18186727068915,5,1969.0
1078,18.17379145599423,6,3143.0
1079,18.16697270899355,7,3087.0
1080,18.152902679278505,2,2937.0
1081,18.152422743493617,0,1966.0
1082,18.149796186659746,4,1501.0
1083,18.141907205746655,3,2681.0
1085,18.1315175218064,0,2147.0
1086,18.12623425768655,5,2649.0
1087,18.12063149897033,1,2573.0
1088,18.11774298637725,5,2608.0
1089,18.106441942524373,1,3271.0
1090,18.106330714868832,3,3046.0
1091,18.106160528905917,6,3118.0
1092,18.10293405282214,1,3063.0
1094,18.08436864850787,5,2829.0
1095,18.080933893631254,4,3847.0
1096,18.079706341776145,3,2211.0
1097,18.073421617460045,6,3050.0
1098,18.068769549605243,2,2433.0
1099,18.067982069878525,7,3021.0
1100,18.06668304157349,2,2677.0
1102,18.0453615424053,5,1169.0
1103,18.02414877131169,7,2574.0
1104,18.017491264635833,4,2642.0
1105,18.01520656580307,7,1922.0
1106,18.000003455107894,1,3222.0
1108,17.988245232306564,11,1747.0
1109,17.984741046797897,3,3707.0
1110,17.978374955364846,1,2532.0
1111,17.97730349733354,2,2521.0
1112,17.972155654523633,0,2452.0
1114,17.932322559727467,2,2500.0
1115,17.93186495034006,1,3220.0
1116,17.924166718949078,8,2180.0
1117,17.918614527650263,5,2406.0
1118,17.91531614825826,8,1897.0
1119,17.910190180713993,2,2717.0
1120,17.90400842821125,7,3014.0
1121,17.901230400655486,1,3057.0
1122,17.878868746282453,1,2756.0
1123,17.866764356036878,13,1585.0
1124,17.852077196842977,8,1922.0
1125,17.851838485238844,4,2551.0
1126,17.842934795917486,7,1983.0
1128,17.833539232893745,1,2718.0
1130,17.80264725107327,5,3412.0
1131,17.800606518672353,4,2762.0
1132,17.79840349875885,1,1976.0
1134,17.790732637871702,8,2551.0
1136,17.783803663910003,11,2364.0
1138,17.77078554390382,0,2202.0
1141,17.75518293217514,2,1724.0
1143,17.739015631428085,19,3387.0
1144,17.737576068215258,13,1494.0
1145,17.730711388752574,3,2348.0
1147,17.72398802539439,2,901.0
1148,17.72346827127864,5,1615.0
1150,17.705677306040794,14,2577.0
1153,17.665734369536246,5,2806.0
1155,17.656598864922056,3,1941.0
1156,17.648751252751396,7,1760.0
1157,17.64234094600184,4,2369.0
1158,17.627626926043753,0,2910.0
1159,17.625993518212226,1,2522.0
1164,17.58260972834294,3,2711.0
1166,17.576745556770344,2,1090.0
1168,17.567714796935817,0,2748.0
1170,17.534696083588205,2,2217.0
1171,17.530935005512323,1,2317.0
1172,17.516112608174826,9,1117.0
1174,17.509942791821967,0,2314.0
1175,17.50710375155414,0,3012.0
1178,17.489341651325386,2,3041.0
1179,17.469667554586014,4,2565.0
1180,17.469265428320846,8,2202.0
1181,17.46356700193244,3,2514.0
1182,17.457895448500363,0,1082.0
1184,17.44683179185575,2,3170.0
1185,17.430049339774985,9,2431.0
1186,17.42615697429725,2,2563.0
1187,17.420662065997462,6,3233.0
1188,17.415875961184906,0,1175.0
1189,17.41571184676838,3,2286.0
1190,17.412545739073856,5,1275.0
1191,17.40732829923508,1,2093.0
1193,17.389514875631797,8,1366.0
1194,17.38943166759774,12,1723.0
1197,17.358829964380156,0,1079.0
1199,17.34059403220449,1,2128.0
1201,17.33010733671901,1,2375.0
1202,17.31444196741521,2,2379.0
1204,17.30802071620734,1,3183.0
1205,17.307830697738463,4,3061.0
1206,17.305514410026934,4,2620.0
1207,17.302270737376023,5,2186.0
1208,17.2955921919342,10,2883.0
1209,17.294224227818944,5,2092.0
1210,17.28858797701369,2,3012.0
1212,17.283690908166566,5,930.0
1214,17.27664463860369,8,544.0
1215,17.272462935803006,2,2090.0
1216,17.255508564555008,3,3019.0
1217,17.249025134649465,2,1666.0
1218,17.237701948448983,1,2016.0
1219,17.233340547716786,1,1076.0
1220,17.227686289741463,2,2169.0
1221,17.22503137023703,1,2026.0
1222,17.213910931644005,4,1387.0
1224,17.195875578336135,3,2524.0
1226,17.173637412105062,3,2055.0
1229,17.153998748688053,2,2711.0
1230,17.138183753415362,7,986.0
1233,17.116907272659084,0,1300.0
1234,17.106803374655914,5,1680.0
1235,17.105792244715072,3,2517.0
1236,17.099171448575426,6,2328.0
1237,17.095295124283105,12,1876.0
1238,17.088162989246765,1,1412.0
1239,17.083389629060218,1,1695.0
1243,17.068762186033123,0,2608.0
1244,17.060527896478092,4,2459.0
1245,17.05949576709805,2,2166.0
1246,17.053300968877895,2,2312.0
1247,17.047344897431863,1,2732.0
1248,17.046998158995027,7,1426.0
1249,17.046875626530884,3,850.0
1250,17.042298916013337,2,2704.0
1251,17.036769141806264,1,1191.0
1252,17.021896832087407,3,1595.0
1253,16.99554887624618,7,2012.0
1254,16.981533683731474,4,1893.0
1255,16.97976908585385,2,975.0
1256,16.966933025684952,1,1600.0
1257,16.954072368358577,6,1980.0
1258,16.941109674123688,7,1150.0
1260,16.939577601307022,1,2083.0
1261,16.9295881535065,4,110.0
1269,16.88080396817864,4,2147.0
1271,16.87683827828811,8,1300.0
1272,16.87302993033759,17,1978.0
1273,16.848857255279214,8,1293.0
1275,16.833901181276378,6,1100.0
1276,16.827317735164232,5,1168.0
1277,16.823196204447505,6,1343.0
1278,16.81855999565854,2,1100.0
1279,16.80550399585644,13,1435.0
1280,16.804750149601496,2,2132.0
1281,16.798751944182715,19,2307.0
1282,16.798136061849288,3,1502.0
1283,16.793722136632773,8,720.0
1284,16.784998594531118,3,2787.0
1285,16.78449102148536,0,1610.0
1286,16.780451455469624,1,1509.0
1287,16.773816212016076,6,1425.0
1288,16.76962989928923,0,774.0
1289,16.768857167186667,0,1796.0
1293,16.755324542523184,1,1852.0
1295,16.736193154561267,13,1082.0
1296,16.730581811895956,2,1895.0
1298,16.722748500950864,1,2187.0
1299,16.717537078931965,3,2733.0
1300,16.713501052771985,11,1361.0
1302,16.67880621084076,1,1000.0
1303,16.673866571139452,3,2814.0
1304,16.667564474995277,11,2163.0
1305,16.654147579022265,0,1852.0
1306,16.644608681397518,1,2174.0
1308,16.63813230265744,4,1469.0
1309,16.63672222801266,1,1967.0
1311,16.608182076582544,7,1535.0
1315,16.595777415237734,7,3011.0
1321,16.53492764388894,11,1250.0
1323,16.527881146072804,4,1830.0
1324,16.522932695208997,2,2035.0
1327,16.510957942815534,8,1507.0
1328,16.509900818779137,3,1528.0
1332,16.4956914594779,3,1489.0
1335,19.866818355815454,36,4163.0
1336,19.82680393790742,8,4137.0
1337,19.635996626630035,17,4151.0
1338,19.49337585530668,9,4070.0
1339,18.832445269004985,9,3936.0
1341,18.58385336624644,25,3082.0
1342,18.561388360775588,0,3875.0
1343,18.450904606545638,8,3398.0
1345,18.281877938957855,1,2949.0
1346,18.258493430052294,7,3355.0
1347,18.20051679919839,5,3167.0
1348,18.01091633708977,7,3009.0
1350,17.963397387903168,4,3183.0
1354,17.87611217662142,0,2707.0
1355,17.854109278784286,5,3084.0
1356,17.829900891931754,2,2732.0
1358,17.826202550627766,2,2467.0
1359,17.815183569748232,2,1905.0
1362,17.790744203285797,21,3016.0
1364,17.76820072992744,2,3151.0
1369,17.70998353868093,9,2860.0
1372,17.67258037977338,10,2337.0
1374,17.577590170508003,0,2589.0
1375,17.575092201847937,9,2511.0
1376,17.570975772128904,2,2764.0
1377,17.554923346519338,4,2811.0
1380,17.529920078784023,4,2874.0
1381,17.487308551048564,36,3221.0
1382,17.4459580876678,3,2127.0
1384,17.372989975072194,8,2606.0
1386,17.371352697377088,2,2612.0
1387,17.331154511769807,20,2622.0
1388,17.288844119073996,10,892.0
1389,17.272302267959148,2,2626.0
1392,17.23823750627664,4,1292.0
1395,17.218727898135896,2,1613.0
1396,17.177351433253666,6,2781.0
1397,17.166962814627016,4,2088.0
1398,17.163477858597204,2,2579.0
1399,17.141927207887385,1,2515.0
1400,17.13670077576565,1,3036.0
1401,17.089424681927706,6,2737.0
1402,17.07454726926893,2,2095.0
1403,17.069306013423237,7,2541.0
1405,17.039810247051363,22,2883.0
1406,17.038667884110982,6,2625.0
1408,17.006278470740593,7,2924.0
1409,16.999779699851516,2,2814.0
1410,16.996785320536326,11,2722.0
1411,16.92842164022186,1,2277.0
1412,16.898307657079496,4,2633.0
1413,16.867537528017312,1,2105.0
1414,16.86708667891646,7,2564.0
1415,16.837636776509363,1,2502.0
1416,16.801504972091443,4,2509.0
1418,16.763904338164707,17,2753.0
1420,16.75194590916869,17,2104.0
1421,16.751940179264892,5,2195.0
1422,16.739746829813196,6,2998.0
1425,16.683946361305626,6,2350.0
1426,16.671450163671086,8,1037.0
1427,16.657046817330087,8,2271.0
1429,16.632970047371504,1,1941.0
1430,16.595853079159223,1,1652.0
1433,16.567902886642113,5,1747.0
1435,16.543241352773077,5,2654.0
1436,16.52823548216904,5,1242.0
1437,16.525745038457078,1,1270.0
1438,16.517165955826982,0,2072.0
1440,16.481331594390983,7,2323.0
1441,16.468111542539788,4,2642.0
1442,16.4660439280616,4,2042.0
1443,16.43175602134787,3,2223.0
1444,16.42977118921528,7,1883.0
1445,16.411862722196037,11,2557.0
1446,16.381318008696912,1,568.0
1448,16.32117036354523,6,1871.0
1449,16.304600030871104,7,2913.0
1450,16.28479743510941,3,1303.0
1451,16.273577301793427,7,2186.0
1452,16.27261520560004,14,402.0
1453,16.140238283403743,3,1608.0
1454,16.127802189720374,0,749.0
1455,16.119116030194316,6,1509.0
1456,16.066318871289543,4,261.0
1458,15.956736871755277,0,2027.0
1459,15.931016876526746,5,513.0
1460,15.930750135190218,4,408.0
1461,15.911136670051082,1,1931.0
1462,15.90130400849006,6,2508.0
1463,15.85622868281851,13,2648.0
1464,15.813159716347188,4,2310.0
1465,15.692318492820245,5,1437.0
1466,15.679843060024426,7,149.0
1467,15.669136857540332,6,429.0
1469,15.659025473104744,0,383.0
1471,15.592068906706375,4,475.0
1472,15.580748246860868,1,438.0
1473,15.533174337014465,8,664.0
1475,15.346595284678497,2,108.0
1476,15.342075645050476,0,52.0
1479,15.241416180963363,4,1354.0
1482,15.204614468601095,0,340.0
1483,15.140881987152692,5,1511.0
1485,15.104699679122943,0,384.0
1486,15.101683986140815,0,440.0
1487,15.084456164114272,0,115.0
1488,15.020400241827673,0,352.0
1490,15.012468112868302,5,670.0
1492,14.971889427353211,0,105.0
1498,14.925268172765152,25,261.0
1501,14.774635466561545,2,322.0
1503,14.680548836722126,15,25.0
1505,14.617089632666532,2,131.0
1506,14.613021357445573,0,215.0
1508,14.560698803261822,10,75.0
1509,14.535128281853755,0,298.0
1510,14.341248045185237,0,202.0
1512,14.312679350282652,0,73.0
1514,14.152501231602361,0,165.0
1517,14.089880161405324,14,74.0
1520,13.98913776150155,12,157.0
1522,13.882531620045507,2,1304.0
1523,13.880125326194962,6,42.0
1524,13.874262368340112,17,195.0
1527,13.858707011224828,6,107.0
1528,13.847081896801592,4,43.0
1530,13.839851889350433,21,152.0
1531,13.837589024944153,5,35.0
1533,13.830519360279274,5,65.0
1535,13.755138279306626,1,22.0
1537,13.676320901802118,0,178.0
1540,13.570099669450327,0,78.0
1542,13.347367596601922,2,54.0
1544,13.289850445239829,18,28.0
1545,13.219999939989682,11,117.0
1546,13.20651333109094,0,76.0
1547,13.199100319358037,2,37.0
1551,13.138120578083361,0,28.0
1553,13.103129588289029,5,35.0
1554,13.083229540477198,3,20.0
1558,12.718177450794546,0,24.0
1561,12.663633559260925,0,33.0
1563,12.635361696361338,7,20.0
1568,12.494880334238214,3,425.0
1571,12.47059611569591,7,19.0
1576,12.212427411168182,19,24.0
1578,12.10202793049357,6,218.0
1579,12.063771482060064,1,43.0
1580,12.009497994258108,14,24.0
1581,11.99036388751828,0,55.0
1585,11.925915522827017,0,26.0
1586,11.920235536752422,12,9.0
1589,11.821607976466948,0,67.0
1593,11.572288114363735,0,24.0
1594,11.546369912189585,0,13.0
1596,11.347260415151336,11,55.0
1597,11.330935853076468,0,102.0
1600,11.226256212776141,8,22.0
1604,10.911080442817068,0,15.0
1609,10.626096443245693,11,13.0
1610,10.514583760207204,1,11.0
1621,9.569970943740548,6,4.0
1628,19.634198756486313,6,4324.0
1629,19.533722679378634,9,3526.0
1630,19.383972089228532,10,4318.0
1631,19.339729824083744,6,3180.0
1632,19.250293086299504,9,1506.0
1633,19.24462051880029,5,3965.0
1634,19.19787554641548,7,3757.0
1637,19.071543074081564,19,3426.0
1638,19.06473643069766,7,3641.0
1639,19.005661002354795,5,3575.0
1640,19.0030128598124,0,4248.0
1641,18.992789596135253,1,1222.0
1642,18.968550149613737,6,2981.0
1643,18.94166515407089,8,3501.0
1644,18.93617123030848,8,3443.0
1645,18.928173822954378,11,3444.0
1646,18.91272994277638,8,3169.0
1647,18.912199962683545,5,3254.0
1648,18.903114214157515,10,3534.0
1650,18.828911570599317,0,2074.0
1652,18.815947431168905,6,1837.0
1653,18.8148357870544,8,3375.0
1654,18.814163529910683,8,3807.0
1655,18.801417121817924,13,3206.0
1656,18.77565334572855,15,3427.0
1657,18.772107614814658,6,3536.0
1658,18.766680152600745,9,2201.0
1660,18.75740557009873,2,3151.0
1661,18.74716356638524,6,3202.0
1662,18.746002956590587,10,3148.0
1663,18.738083981677693,7,3764.0
1664,18.730473762774867,6,3310.0
1665,18.72555780411447,4,3656.0
1666,18.710873599249233,31,3491.0
1667,18.70868161058388,0,3527.0
1669,18.657181757823185,10,1657.0
1670,18.654118741162797,4,3239.0
1672,18.643936528968137,13,3038.0
1673,18.642785956379285,6,3119.0
1675,18.63606459451025,6,2171.0
1676,18.61512210826541,5,3069.0
1677,18.610541095820018,4,3612.0
1678,18.601280544374127,0,4001.0
1679,18.60012168074153,1,2254.0
1680,18.59794654190853,7,2131.0
1681,18.59648089922324,11,3651.0
1682,18.588830419006374,22,3612.0
1683,18.583880845399843,11,1884.0
1684,18.577125789707996,1,3220.0
1685,18.57250408906453,13,650.0
1686,18.567397540813893,4,3620.0
1687,18.566046390988575,6,3180.0
1688,18.561346443033766,0,1610.0
1689,18.545817492440392,6,3061.0
1690,18.538417005181508,0,2410.0
1691,18.519252526216547,2,3348.0
1692,18.519011239824785,4,3239.0
1694,18.49331696504018,6,2084.0
1695,18.48928151857939,7,3143.0
1697,18.46275374124225,5,3472.0
1698,18.450512411875305,18,3548.0
1699,18.445527422722716,14,2950.0
1700,18.44356511778595,12,2129.0
1702,18.435275736989464,17,3055.0
1705,18.425421976524884,18,2530.0
1706,18.425357719829954,6,3182.0
1707,18.423605024074412,17,3049.0
1709,18.40840613826395,18,3584.0
1710,18.38983686455276,7,2921.0
1711,18.38398910359669,6,3119.0
1713,18.360138769970504,0,2528.0
1714,18.35982102637809,8,2515.0
1715,18.358924747998504,5,3050.0
1717,18.348648798440244,22,3284.0
1719,18.332365298853595,12,2052.0
1720,18.33122915205864,17,3048.0
1721,18.327881690629187,5,2503.0
1722,18.324341172506216,11,1111.0
1723,18.303193821950007,5,2975.0
1724,18.28533490621745,6,3072.0
1726,18.259399389519032,8,3833.0
1727,18.246913030505354,13,2431.0
1728,18.240984884994813,13,3417.0
1729,18.23042053528158,6,2810.0
1731,18.224987876300123,6,3477.0
1732,18.211925248840025,3,2952.0
1733,18.204686698900876,6,3108.0
1734,18.202037588149665,12,3482.0
1736,18.172624687123108,6,3083.0
1738,18.14103948401385,8,3018.0
1739,18.140838340830456,9,3171.0
1740,18.133964258504705,4,3045.0
1741,18.130162640430175,7,1546.0
1742,18.121710627241004,12,3438.0
1743,18.116605555608967,4,3416.0
1744,18.114984180535302,11,3553.0
1745,18.108833566420326,6,2956.0
1746,18.10739068808614,0,3222.0
1747,18.10028446981824,16,2524.0
1748,18.095868548074293,5,3163.0
1750,18.08836421042321,12,3651.0
1751,18.078440882514233,22,3867.0
1752,18.076879336454766,18,1742.0
1753,18.075818045649246,3,2800.0
1754,18.0633173345042,8,2758.0
1755,18.05314502039917,6,2602.0
1756,18.048397304466242,5,3147.0
1757,18.042614821383644,4,2735.0
1758,18.03885858553605,8,2634.0
1759,18.029579337197188,10,2756.0
1760,18.02219386626042,1,3144.0
1761,18.021116610794135,7,3118.0
1764,18.012505040497658,9,2993.0
1765,18.003432997390274,8,2456.0
1766,18.00223713831878,24,2132.0
1767,17.996832374371607,8,3077.0
1768,17.992696707339906,24,2225.0
1769,17.98993778090793,12,2117.0
1770,17.989233083889665,3,3282.0
1771,17.98155870769402,13,3003.0
1772,17.972218496159968,5,2714.0
1773,17.97157999924286,6,2500.0
1774,17.963603748606076,7,3188.0
1775,17.962207962221683,8,2698.0
1776,17.947809631403196,11,3078.0
1777,17.947774907374097,9,3207.0
1779,17.934373164695096,6,1483.0
1780,17.93220712577337,5,2169.0
1781,17.930913037707377,8,1370.0
1782,17.91851909598672,7,3401.0
1783,17.91651383499005,0,2785.0
1784,17.913852038522275,15,2657.0
1785,17.911995594402754,7,3209.0
1786,17.911179176570055,11,1508.0
1787,17.907247623620023,9,3282.0
1788,17.90356803112909,2,3043.0
1789,17.901315410439267,8,2089.0
1793,17.887013764628456,3,2537.0
1794,17.882851515977396,11,2974.0
1795,17.879449261794043,6,2521.0
1796,17.871542474614902,13,2206.0
1797,17.87151376162083,8,2788.0
1798,17.86736626848123,6,931.0
1800,17.862619319867306,6,3453.0
1804,17.847266341509492,7,3289.0
1806,17.83733378097234,11,2926.0
1807,17.819463071524044,2,2971.0
1808,17.808926546725633,0,3025.0
1809,17.80847585401217,19,1251.0
1810,17.799214224866827,0,2562.0
1812,17.77715446811563,18,2175.0
1813,17.773151807098653,5,3074.0
1815,17.769817579837582,7,2733.0
1818,17.766190463787,6,2928.0
1819,17.764296990659403,8,2507.0
1823,17.751278468513313,9,3284.0
1824,17.7419878944075,10,2027.0
1825,17.74042370737117,5,2848.0
1826,17.729204486622343,12,1579.0
1827,17.728898830990335,4,2568.0
1828,17.72786138965152,7,2339.0
1829,17.720761343590045,5,2944.0
1831,17.709816213992237,2,1921.0
1833,17.691644983711086,3,2763.0
1834,17.68718853843743,4,3018.0
1835,17.687074044836482,9,1744.0
1836,17.685710630600546,15,1012.0
1837,17.683636094445216,3,2831.0
1839,17.67300060590609,3,731.0
1840,17.6681668613131,11,1542.0
1841,17.665288559465697,12,2932.0
1842,17.663719835528735,7,1686.0
1843,17.65418887217337,6,3520.0
1844,17.654155426382687,14,3376.0
1845,17.65292501058449,10,1519.0
1846,17.644428742231053,4,2816.0
1847,17.639845193658545,11,2942.0
1848,17.62860383692528,9,3014.0
1852,17.59755575786295,9,2894.0
1853,17.596363358112605,20,2240.0
1854,17.59365641957427,7,2973.0
1857,17.58452376945275,9,3024.0
1860,17.570338530889195,7,2587.0
1861,17.561373448110434,5,3016.0
1862,17.560613291594095,6,1555.0
1863,17.55779001080502,6,3035.0
1865,17.551029341049528,6,1593.0
1867,17.53837688428066,10,1107.0
1868,17.53112599897124,7,2489.0
1869,17.528168402016327,6,2199.0
1870,17.52777091108982,0,2777.0
1872,17.52168363661458,13,1310.0
1873,17.52077877956475,6,2270.0
1874,17.516594360130853,8,1139.0
1875,17.51406292821785,5,2568.0
1876,17.513444149390676,7,1943.0
1877,17.51004911908343,4,1705.0
1878,17.508583208329828,12,2476.0
1879,17.507378267791424,4,2528.0
1880,17.505661303644537,12,1124.0
1881,17.504583543349824,5,2623.0
1882,17.50444281068434,6,2473.0
1883,17.493556440282575,5,2859.0
1884,17.490307695065876,10,3037.0
1885,17.485806044914035,6,2574.0
1886,17.48275359892404,6,3214.0
1887,17.480906495112038,4,1323.0
1889,17.477950754992055,0,1569.0
1890,17.471409846141118,11,887.0
1891,17.467297331057555,15,3062.0
1892,17.464422418078858,5,3510.0
1893,17.46170605079823,8,2312.0
1894,17.460718205489886,11,1450.0
1895,17.459713828872403,6,2365.0
1896,17.456304855582456,0,1694.0
1897,17.455001166234663,5,2257.0
1898,17.451982465563315,6,2103.0
1899,17.45151011760087,14,1544.0
1900,17.451302187431338,5,2213.0
1902,17.442526177442137,5,2161.0
1904,17.434506753242637,15,2534.0
1905,17.434380391734422,9,2035.0
1906,17.43102567105462,5,2523.0
1907,17.427884815029376,11,2888.0
1909,17.4173564712066,19,2614.0
1910,17.417287221819606,6,2370.0
1911,17.409562330852722,4,2729.0
1912,17.407325489313777,15,1925.0
1913,17.407320585706707,2,1277.0
1914,17.40042380170262,6,2618.0
1915,17.39688770442052,6,3245.0
1916,17.391959283487374,5,2331.0
1917,17.38310089040413,12,2522.0
1918,17.381511193068476,4,2529.0
1919,17.378447437112644,16,3157.0
1920,17.376808143029837,1,1765.0
1922,17.370705693475394,10,1892.0
1924,17.359487931799777,5,2516.0
1925,17.35711376162313,19,1214.0
1926,17.35405807738687,6,1236.0
1930,17.32887931860797,1,3182.0
1931,17.325843799694603,14,2006.0
1933,17.317388340612744,5,1609.0
1934,17.315338147487868,20,1979.0
1935,17.298330813564018,4,2865.0
1936,17.291337777965254,4,980.0
1938,17.28868506933752,7,2905.0
1939,17.28724623854722,7,1190.0
1940,17.285357685585883,6,2649.0
1941,17.28488813431436,3,3495.0
1943,17.271568877399353,6,2463.0
1944,17.265580100434047,2,2697.0
1946,17.26487625969724,5,2112.0
1947,17.25481973687763,0,3118.0
1948,17.253416204350966,6,3201.0
1949,17.251225333854375,5,1902.0
1951,17.24758273640861,5,2840.0
1953,17.235762640236338,19,3049.0
1954,17.23404881380314,15,1914.0
1956,17.223770275851937,8,2483.0
1957,17.222210638636643,6,2770.0
1958,17.221620486617322,5,2177.0
1959,17.22096430178485,13,2766.0
1960,17.220125991426123,7,1747.0
1961,17.215632361399496,1,1863.0
1962,17.208680875443005,6,2687.0
1963,17.202611956419073,5,2718.0
1964,17.19927106373233,5,1701.0
1965,17.194550670335328,2,2339.0
1966,17.19169329935738,0,3232.0
1968,17.18547685356407,5,2437.0
1970,17.178430413532357,16,2735.0
1971,17.17803921543254,0,1122.0
1972,17.173951992892228,15,1271.0
1973,17.173610859059444,2,1533.0
1974,17.171983723276767,4,2368.0
1975,17.16762899876502,2,2402.0
1977,17.140722786156996,10,1290.0
1978,17.130270434304588,8,1285.0
1979,17.128146598426273,4,1378.0
1981,17.1205910878831,4,1702.0
1984,17.11459012369332,2,2638.0
1985,17.113504503206876,8,1614.0
1986,17.111761412337668,4,2756.0
1987,17.111611944535507,5,2149.0
1988,17.10666730408758,5,3480.0
1990,17.10447038681779,5,1212.0
1991,17.10366282477619,5,2876.0
1994,17.06558694344703,9,1500.0
1995,17.06411154016828,12,1039.0
1998,17.055548986901663,8,1261.0
2000,17.05224700801557,7,2364.0
2001,17.050474079093522,15,2027.0
2002,17.040122619125995,10,1401.0
2003,17.03713157135212,5,721.0
2004,17.031271015109905,10,1545.0
2005,17.02715775917174,17,1762.0
2006,17.0245855915977,7,1631.0
2007,17.023048915950813,4,2670.0
2008,17.009989955374955,6,2244.0
2009,17.008529639905245,2,1256.0
2010,19.723759963255045,35,4003.0
2013,19.44765795930483,4,3554.0
2014,19.37636457796612,5,3256.0
2016,19.357387170060715,6,4022.0
2017,19.343009152319922,7,3602.0
2018,19.307869124715307,2,3549.0
2020,19.24961100081836,2,3565.0
2021,19.24253362343398,6,3701.0
2022,19.203739407542855,9,3303.0
2025,19.161844813591134,8,3793.0
2026,19.12387619611368,9,3553.0
2027,19.01627361102256,1,2909.0
2028,19.014956724294233,5,3462.0
2029,18.987368273788544,6,3304.0
2030,18.96341955350413,8,2347.0
2032,18.946040582445267,11,2958.0
2033,18.92896741730983,6,2697.0
2034,18.926335351026776,15,3655.0
2036,18.86107777250173,9,3777.0
2038,18.818179336809983,0,2927.0
2039,18.81790476741344,4,2975.0
2040,18.815681962692093,7,3675.0
2041,18.792958493564036,8,3157.0
2044,18.720984590624337,6,2909.0
2045,18.72032745381269,6,2867.0
2046,18.71935403851032,5,3508.0
2047,18.717138331193464,6,3185.0
2048,18.717126205496797,8,3230.0
2049,18.699654261777642,6,3674.0
2050,18.68712289789964,4,2594.0
2051,18.684310707085253,4,3110.0
2052,18.67388020887924,7,2239.0
2056,18.654751843536737,8,3121.0
2057,18.64857463451803,5,3070.0
2060,18.605315074222744,5,2573.0
2061,18.604476912971098,7,3580.0
2067,18.575553171828258,3,2585.0
2068,18.56987353660032,5,2786.0
2069,18.565974271902814,17,3301.0
2071,18.544700910428137,8,3753.0
2073,18.533459170752064,8,1659.0
2075,18.50873690413258,3,3074.0
2076,18.49843133442348,13,3616.0
2077,18.46532053580111,6,3175.0
2078,18.445968340480295,6,2544.0
2079,18.445293119177464,5,3778.0
2080,18.43210805284321,0,3467.0
2082,18.425293070800578,5,3636.0
2083,18.423957310141756,8,2757.0
2084,18.42308336534464,0,3754.0
2085,18.421158929603383,4,1399.0
2086,18.391299511944293,9,3336.0
2088,18.34972056000322,5,3363.0
2090,18.33138699706426,3,1937.0
2091,18.326887260382595,4,3466.0
2092,18.30535109004229,13,3792.0
2093,18.298665584229074,4,2867.0
2094,18.295641419999136,10,2420.0
2095,18.293950899695883,4,3052.0
2096,18.2897469232862,9,2070.0
2097,18.282236790148566,5,1102.0
2101,18.186121897874163,1,1707.0
2102,18.17281625777171,13,3870.0
2103,18.17053315607691,8,1983.0
2104,18.168845391442563,5,640.0
2106,18.146066290373998,5,3212.0
2107,18.1435205221735,5,2441.0
2108,18.141338597436654,4,3137.0
2109,18.141131642384106,36,3028.0
2110,18.137410259454185,6,2474.0
2111,18.115396918901926,3,525.0
2112,18.101964192049476,5,2814.0
2113,18.09165987679545,21,2856.0
2114,18.08699912991938,8,2781.0
2115,18.07788069690085,7,2008.0
2116,18.07148057982547,21,2041.0
2118,18.05973436182511,7,1435.0
2119,18.040576317909384,3,2466.0
2120,18.028297271911363,9,2931.0
2121,18.024585649831252,4,2798.0
2125,18.018545729920934,6,2652.0
2126,18.016592757177193,13,1835.0
2128,18.013133469639875,8,2870.0
2129,18.01299299260172,4,2623.0
2130,18.01097829598652,3,2746.0
2132,17.996378704613445,9,3702.0
2134,17.98175887316626,24,2591.0
2136,17.97261125694523,1,2613.0
2137,17.969049857459883,9,1790.0
2138,17.965770159504643,6,3026.0
2139,17.9613790521417,5,2872.0
2141,17.953205435807455,5,2448.0
2142,17.950907728113314,4,3030.0
2143,17.950607432278865,10,2847.0
2144,17.948475653267625,4,2770.0
2145,17.942317147354757,7,3223.0
2146,17.93698234394017,5,2820.0
2147,17.93057107210468,2,3004.0
2148,17.92596589194309,9,2702.0
2150,17.91076354078075,0,2759.0
2151,17.90906872772753,4,2250.0
2153,17.893403142190035,5,2748.0
2154,17.891077247649637,1,1885.0
2155,17.88575901006969,8,1439.0
2156,17.884548166844027,6,1987.0
2157,17.883214215072762,6,1866.0
2158,17.882154304152298,2,2609.0
2159,17.871824573170983,4,2757.0
2160,17.865337346345935,1,1343.0
2163,17.860560686394386,5,1938.0
2164,17.85876392818178,13,3203.0
2165,17.847744919402068,6,2279.0
2167,17.8215753027025,6,2309.0
2168,17.79464797033573,2,1769.0
2171,17.76916064814055,10,1927.0
2172,17.76396278781005,2,3008.0
2173,17.75578453992884,4,2062.0
2174,17.754513801274076,8,2193.0
2178,17.739716805383562,7,1303.0
2181,17.724560969610067,5,1248.0
2182,17.716237401314547,5,3534.0
2184,17.696564741540282,11,2943.0
2185,17.69630308948605,1,2813.0
2186,17.694194894647723,5,2534.0
2188,17.688643992205584,11,1414.0
2189,17.684787114129776,6,2784.0
2190,17.680994046615,6,3154.0
2191,17.677014243093847,5,2836.0
2192,17.67588235232876,7,1249.0
2194,17.67375440285089,9,2635.0
2196,17.661742909330172,7,2153.0
2200,17.618913987205914,15,2274.0
2201,17.614785784526592,16,1008.0
2202,17.61367257643803,5,2527.0
2203,17.59648571279417,11,1206.0
2205,17.580999093135507,1,1330.0
2206,17.579944972553488,13,3160.0
2207,17.569101330785422,7,2529.0
2208,17.569016263742345,8,2359.0
2209,17.56530576798159,8,1631.0
2210,17.56351979953921,5,2387.0
2211,17.555573144148116,6,2510.0
2212,17.55377844962738,0,3117.0
2214,17.540124607701845,3,1430.0
2215,17.53843577168876,3,1756.0
2218,17.51871198623026,7,1052.0
2219,17.51860906549193,4,2579.0
2220,17.514108806227835,3,3015.0
2222,17.493467452513833,3,1683.0
2223,17.48137539586414,2,2169.0
2224,17.479102639528193,1,1976.0
2226,17.47455172003303,19,2069.0
2227,17.46392227771708,7,1161.0
2228,17.462590326231844,12,2690.0
2229,17.4415185805742,4,2112.0
2230,17.439842184230667,4,1193.0
2231,17.437527325492667,12,2806.0
2232,17.435237931489592,5,2626.0
2234,17.426913623173228,7,2807.0
2236,17.42001211896938,11,1896.0
2237,17.415613250440966,12,1956.0
2238,17.412115527385392,3,1489.0
2239,17.41016350488856,4,1200.0
2240,17.407975610345186,6,2917.0
2241,17.40776985462771,4,2586.0
2242,17.393114425720444,7,2219.0
2244,17.388087770130454,13,2976.0
2246,17.38288261207898,11,2615.0
2247,17.38017587867216,4,2570.0
2249,17.378494392595425,3,3125.0
2250,17.376233861207943,2,2933.0
2251,17.375162487370044,2,1512.0
2252,17.37410315026645,14,1985.0
2253,17.37239058824717,7,3004.0
2254,17.37217546631586,5,2416.0
2255,17.36297044660468,0,1488.0
2256,17.359578956859036,6,2079.0
2257,17.344889463857456,4,1348.0
2258,17.341931227830496,2,1646.0
2259,17.33829121189459,7,1833.0
2260,17.330597628255923,22,2852.0
2261,17.330072040972944,7,2811.0
2263,17.324770431656166,8,1738.0
2265,17.3190016775249,2,1505.0
2266,17.31272904847898,3,2189.0
2267,17.310374253872315,11,1367.0
2268,17.310055254878005,4,2399.0
2269,17.29950613974898,6,1999.0
2270,17.298220336009006,5,1702.0
2271,17.29621764374034,4,844.0
2272,17.293170399701552,1,2467.0
2273,17.288769621937387,5,2220.0
2274,17.28322684226344,4,1769.0
2277,17.272678453748355,8,1704.0
2278,17.270027355043805,2,1954.0
2280,17.26497256890119,1,1871.0
2281,17.261488106237767,5,2798.0
2285,17.255247010257815,7,1273.0
2286,17.25472745085623,5,2725.0
2287,17.250852811697303,6,1249.0
2288,17.247097788039188,10,975.0
2289,17.23987418465827,17,2469.0
2292,17.227430249654706,6,2507.0
2293,17.226936020682317,5,1972.0
2295,17.20874333957088,8,2142.0
2296,17.208696365835305,8,1424.0
2297,17.196915012283206,15,1991.0
2298,17.183193037330174,5,2798.0
2299,17.180963829412907,3,2777.0
2300,17.179014379780707,8,1459.0
2303,17.173566938844026,6,1287.0
2307,17.155269922510378,5,3044.0
2308,17.15065239283153,5,2236.0
2310,17.13134774414056,2,534.0
2313,17.115045429760713,6,2175.0
2315,17.114071118749457,0,2500.0
2318,17.07383091708979,0,2482.0
2319,17.0704837619136,5,2512.0
2320,17.06957918714919,2,1629.0
2321,17.057662734461992,10,1887.0
2324,17.05475814225988,5,2189.0
2325,17.05364140924226,5,2530.0
2326,17.038565637568748,6,1500.0
2329,17.022622782198866,11,1221.0
2330,17.002034829288803,7,1850.0
2332,16.98662570456054,16,1172.0
2333,16.980395854176802,10,1245.0
2334,16.976758117453105,5,1532.0
2336,16.96163674925752,1,1636.0
2337,16.960064049243442,10,2789.0
2338,16.954953922253633,9,2312.0
2339,16.950629877541612,6,2397.0
2340,16.94948666562823,6,1922.0
2341,16.943461306393345,1,1837.0
2343,16.935315777482252,4,1569.0
2344,16.931027418289663,4,2236.0
2345,16.925994477151132,4,2631.0
2346,16.914071990995716,8,1698.0
2348,16.891496639985384,0,934.0
2349,16.888039275775736,7,2772.0
2350,16.887136358619543,16,2242.0
2352,16.881520943396502,3,2489.0
2353,16.878603304701123,10,2883.0
2354,16.877501294582366,6,1698.0
2356,16.874327483800506,11,2664.0
2357,16.866810689427847,6,1433.0
2358,16.864269058510384,0,1732.0
2360,16.859202031484937,5,1175.0
2361,16.854448191565133,7,1866.0
2362,16.85195281976605,5,1615.0
2366,16.828599872765977,21,1687.0
2367,16.82641913661468,5,1566.0
2368,16.825146525641582,5,1833.0
2370,16.823506820432915,1,1449.0
2371,16.819077063626782,12,2133.0
2372,16.815235848803244,4,2419.0
2373,16.809020263442665,3,2003.0
2375,16.792557339993493,18,910.0
2377,16.79078657165085,10,1431.0
2378,16.76920937430666,1,2181.0
2379,16.765359717780196,6,2531.0
2381,16.723496275259663,1,2387.0
2383,16.70331112428972,6,1226.0
2384,16.683433493810476,5,869.0
2385,16.67947976020591,1,1568.0
2387,16.675424253850448,2,1703.0
2388,16.67488086516852,4,2002.0
2389,16.669406361297455,16,1112.0
2391,16.653428523794464,12,1374.0
2392,16.6509500693291,0,1736.0
2393,16.648790546858496,2,2039.0
2394,16.644512458091327,1,1537.0
2395,16.637429536592663,3,1806.0
2396,18.240405296448372,9,3120.0
2397,18.18811109372641,14,2838.0
2398,18.083095568244136,9,3223.0
2399,18.064189311745753,7,3053.0
2400,17.98889989932559,0,3618.0
2401,17.83639657813291,19,3736.0
2402,17.47740008893953,16,3230.0
2403,17.424231762313276,28,3091.0
2404,17.269044696084695,7,3083.0
2405,17.239708031280077,18,2872.0
2406,17.136771331879654,21,2648.0
2407,17.102650941163777,12,2936.0
2410,17.051469826300877,11,2666.0
2411,17.035110880320776,20,2776.0
2412,17.02745151210604,11,2827.0
2413,17.01327322036009,25,2422.0
2414,16.882591765309378,16,1823.0
2415,16.83089000555574,13,2647.0
2416,16.756913142473003,8,2441.0
2417,16.524470345267503,7,2524.0
2418,16.497813935991456,16,1789.0
2419,16.243039564000853,13,2101.0
2420,15.994848677644772,8,2023.0
2421,15.814963505089766,24,2459.0
2422,15.751091544418733,3,2003.0
2425,13.196895545288605,16,93.0
2429,16.261174174349897,7,849.0
2430,15.90373058078319,0,457.0
2431,15.8848479744652,1,256.0
2434,15.650276833272693,24,483.0
2435,15.493361787309345,4,199.0
2436,15.480252421339992,21,461.0
2437,15.444993617303904,6,191.0
2439,15.28081224478088,17,222.0
2440,15.240357861251098,2,466.0
2441,15.155778519695962,0,143.0
2442,15.066577803820044,11,83.0
2443,15.023355356436461,5,311.0
2445,14.902017201423707,6,144.0
2447,14.734677549435123,34,511.0
2448,14.633926023009485,5,111.0
2450,14.561214609262823,2,110.0
2453,14.204674182613068,4,217.0
2456,14.01723923901679,8,121.0
2460,13.708800242848012,5,43.0
2463,13.661199031868614,1,56.0
2464,13.61833441609763,0,358.0
2465,13.409112514807509,5,91.0
2467,13.296346936171021,4,136.0
2468,13.26220879455624,9,363.0
2469,13.251041512001382,10,31.0
2470,13.2154656670666,0,279.0
2471,13.026118961337176,2,31.0
2472,13.003982913323117,17,266.0
2473,12.926796081860223,3,22.0
2474,12.830338555518411,15,48.0
2475,12.77567553874866,6,307.0
2477,12.758744379231166,21,16.0
2478,12.626534734644245,13,67.0
2480,12.461578831661376,7,33.0
2481,12.27516484541723,10,90.0
2482,12.15278262216335,5,27.0
2486,11.745924293115165,0,12.0
2487,11.557191123268215,12,40.0
2489,11.401345649498484,0,4.0
2490,11.37790725329214,0,7.0
2491,11.082527090316852,0,24.0
2493,11.046324041652891,0,43.0
2498,10.56869811440305,5,50.0
2499,10.515831319492467,3,19.0
2500,10.340289815953332,0,80.0
2501,10.330975044678786,4,23.0
2505,10.00011504611972,12,21.0
2506,9.993602441978389,3,7.0
2507,9.620527646419676,18,18.0
2508,9.595126468875947,7,15.0
2511,17.97831626588778,20,3472.0
2512,17.758649133823834,8,3208.0
2513,17.529164840800938,0,2780.0
2514,17.505431544494968,7,2160.0
2516,17.286630596506722,7,2605.0
2518,17.039372571108768,12,2986.0
2519,16.81915633697497,40,2570.0
2520,16.667920001702022,4,2310.0
2521,16.59627886103606,10,2381.0
2522,16.436498471690033,9,2870.0
2523,16.361416896477223,7,2124.0
2524,16.16769672434722,5,2486.0
2525,16.163633388861818,0,2816.0
2526,15.895971704670197,14,2538.0
2527,15.607717260501936,8,1841.0
2529,14.85486564363921,0,432.0
2532,16.455990018728635,14,1887.0
2533,16.422620976073627,16,2652.0
2534,16.211378413303724,0,2277.0
2535,15.85830289732094,6,1325.0
2537,15.221266066514103,0,401.0
2538,14.854962194356085,16,1956.0
2541,14.723582810464388,1,256.0
2542,14.464752871833113,0,298.0
2543,14.17269467225378,2,266.0
2546,13.662842944516873,0,1121.0
2548,13.45135340627775,5,2160.0
2550,12.979850053447853,0,537.0
2553,12.756590025337477,0,29.0
2555,12.670187092534004,2,41.0
2558,12.547354724861425,4,10.0
2559,12.49383846447512,11,32.0
2560,12.35280588402957,0,63.0
2561,12.337118451642334,5,275.0
2562,12.217744266390575,15,201.0
2563,11.894712445723815,12,64.0
2564,11.640157055446222,3,55.0
2565,11.595325392217443,8,13.0
2569,11.444518136305328,0,48.0
2570,11.434704430375628,6,50.0
2571,11.388891684046781,5,75.0
2573,10.399189386156271,1,60.0
2580,9.762211965178174,8,3.0
2582,9.373903755841548,0,5.0
2583,9.373648989588206,19,10.0
2585,9.299723933110869,0,6.0
2591,8.954673628956414,0,10.0
2592,8.69349667588463,18,12.0
2595,8.491054533806542,0,5.0
2597,8.146419323098003,13,1.0
2599,7.852050207265889,16,10.0
2600,7.659171367666058,0,10.0
2601,7.659171367666058,0,532.0
2602,7.501082124259871,8,1.0
2604,7.408530566894626,0,1.0
2620,17.44702998379779,5,1630.0
2621,17.38303207845677,5,1853.0
2625,17.26631101139217,0,2022.0
2626,17.25605569599143,5,1326.0
2627,17.226902993007844,4,2739.0
2628,17.12473485551932,5,1378.0
2630,17.089581401584233,4,2469.0
2633,17.026041702632096,5,540.0
2634,16.961800593109487,3,1111.0
2635,16.886791255009364,16,2230.0
2636,16.885439081918204,3,1831.0
2639,16.823926107640446,7,1609.0
2643,16.683789160640245,6,540.0
2646,16.67088050394798,1,1661.0
2648,16.558905766236624,1,403.0
2649,16.47194565851892,5,1070.0
2652,16.403524110932022,6,237.0
2653,16.383789979985615,5,1738.0
2656,16.345279429551454,4,1794.0
2661,16.15986177564739,4,367.0
2662,16.14327390170495,9,588.0
2663,16.135864348475867,14,388.0
2665,16.060458381308756,6,150.0
2667,15.992884860202508,0,412.0
2668,15.974826254651905,3,1165.0
2669,15.899698442914962,3,230.0
2670,15.826263110551656,3,454.0
2671,15.770710565211811,4,223.0
2672,15.770115370078123,8,1060.0
2674,15.764015765512173,19,1525.0
2676,15.741378628200037,8,462.0
2678,15.706071378486651,13,201.0
2679,15.70017717050067,8,340.0
2680,15.60871514916706,8,561.0
2681,15.60767844377892,7,516.0
2682,15.56712054953746,8,449.0
2683,15.546333544252269,4,1160.0
2684,15.520762704963934,2,253.0
2685,15.42896260297724,5,1086.0
2686,15.425290012066379,2,1807.0
2687,15.412863540909727,2,1077.0
2688,15.367808644620961,11,195.0
2689,15.341793574888326,15,243.0
2690,15.329168580297438,8,1742.0
2691,15.206486692459857,7,125.0
2694,15.117268567599538,7,461.0
2695,15.096446070091616,26,322.0
2697,15.002992634595003,0,91.0
2698,14.910992953623456,5,183.0
2699,14.889339938298807,10,435.0
2700,14.880720136032043,9,93.0
2702,14.811225590953423,5,165.0
2703,14.747716370407417,6,261.0
2704,14.744610105585545,20,116.0
2705,14.705314388474301,3,232.0
2706,14.681496138655481,9,152.0
2708,14.660839194988963,0,443.0
2709,14.649218926634788,15,195.0
2710,14.638543242968234,3,177.0
2711,14.603078431943704,0,162.0
2713,14.512296111610238,12,35.0
2716,14.354469307984411,0,275.0
2719,14.173353519504788,15,610.0
2720,14.158089113017247,6,81.0
2721,14.114284636043166,15,116.0
2722,14.094046431162393,2,94.0
2723,14.074171048845642,4,68.0
2724,13.98149946013733,0,277.0
2726,13.821034274115958,9,321.0
2727,13.736748696323794,2,127.0
2729,13.448190584782457,0,59.0
2732,13.243676176110958,6,101.0
2735,13.08643563646184,10,152.0
2739,12.726270215095157,21,122.0
2741,12.50464272788856,0,53.0
2742,12.439574365312563,8,52.0
2743,12.339282736542861,2,151.0
2744,12.013258230741812,0,30.0
2745,11.641160355860418,1,18.0
2746,11.576895074308167,0,7.0
2748,11.058212337893119,8,1.0
2750,10.747100058912297,2,14.0
2751,10.564576309402185,0,17.0
2754,10.233366673687698,8,5.0
2756,9.396321889601625,0,2.0
2757,20.435271901203663,0,3461.0
2758,19.881823487875778,6,3126.0
2759,19.756393602037967,6,3663.0
2761,19.539648670376874,12,2977.0
2762,19.526570659667176,5,3161.0
2763,19.47066720544698,9,2173.0
2764,19.347252908295143,0,1764.0
2765,19.340418599662428,7,3768.0
2768,19.26925839363122,6,3061.0
2769,19.20738480454813,6,3747.0
2771,19.196913570058516,2,3499.0
2775,19.0965480080038,8,4102.0
2776,19.090204173111243,7,3969.0
2777,19.047519437909607,0,4065.0
2778,19.045232111687135,8,3444.0
2780,19.02573422019954,0,3926.0
2782,18.99303629820744,8,4101.0
2784,18.990304484843147,12,3691.0
2786,18.98819329876109,4,3345.0
2787,18.972180923530058,5,2461.0
2789,18.898911952402074,7,3886.0
2790,18.888069632741768,0,3184.0
2793,18.856972975855733,4,3619.0
2796,18.80104963319877,9,2561.0
2797,18.792251121051244,13,3184.0
2798,18.79087110280806,0,3494.0
2799,18.786410801325015,1,2871.0
2800,18.78268015074722,9,3842.0
2802,18.756111631414846,4,3706.0
2803,18.747207574279713,3,3307.0
2805,18.717293342779985,4,3411.0
2806,18.70669198634468,12,3734.0
2807,18.702522183063724,0,3924.0
2808,18.698864797692416,5,3001.0
2809,18.697719410780138,0,3963.0
2810,18.694809648245037,0,3975.0
2811,18.671485826983446,5,2611.0
2812,18.669102196054585,6,3776.0
2813,18.655571695571258,7,3442.0
2814,18.64372047387732,0,2946.0
2815,18.6428025734866,19,3340.0
2816,18.641745816725805,11,2882.0
2818,18.613349788695764,13,2169.0
2819,18.598989275989545,4,3160.0
2824,18.554571012173337,5,3020.0
2825,18.54701866423225,11,3914.0
2826,18.54248146677291,6,3053.0
2829,18.493175176479458,0,3894.0
2831,18.46361522559966,8,3555.0
2833,18.445797832293817,6,3474.0
2834,18.444669323403705,0,3638.0
2836,18.436544299753614,7,1545.0
2837,18.420805726141765,21,2579.0
2838,18.407711039775847,6,3380.0
2839,18.358038237575613,5,3101.0
2842,18.301540196043028,0,3396.0
2843,18.289482581513766,15,2879.0
2844,18.28013677487402,7,1559.0
2846,18.260045310150648,5,1454.0
2847,18.25300877207257,4,25.0
2849,18.237942120198078,10,3775.0
2850,18.23468999991636,16,3809.0
2852,18.22917118242084,3,3211.0
2855,18.216885574623692,10,3261.0
2857,18.201001759090804,3,3255.0
2858,18.199686481261722,6,3430.0
2859,18.189592945502834,5,3560.0
2861,18.171087641910475,6,2986.0
2862,18.162781345121193,33,3368.0
2864,18.156827874061396,6,3074.0
2865,18.153745140819414,11,1110.0
2868,18.1477312652559,10,1163.0
2869,18.145891204482524,7,1490.0
2870,18.14129152388435,6,3170.0
2871,18.139720774125312,10,1856.0
2873,18.1334007639839,8,3030.0
2874,18.094667724521287,10,1692.0
2875,18.075923120109803,5,2799.0
2876,18.074947817201146,12,2392.0
2878,18.059488928577196,9,1795.0
2879,18.056371259504065,6,1999.0
2880,18.043213326981764,0,3080.0
2883,18.02540155280617,0,3555.0
2884,18.020981322283127,9,1402.0
2885,18.01218912056371,0,3002.0
2886,18.000697318257828,6,2067.0
2887,17.990121079860405,3,3503.0
2889,17.983340606969605,7,2908.0
2890,17.982282349730845,4,2986.0
2891,17.974450280344925,6,3083.0
2892,17.97094201944985,7,1149.0
2893,17.961490803452165,6,1722.0
2895,17.925121001406808,7,515.0
2896,17.919679849092542,17,2404.0
2897,17.91090237162711,4,2469.0
2898,17.910741310736842,5,2404.0
2899,17.910225984740947,8,3345.0
2900,17.905437845042556,14,1636.0
2901,17.904843650389058,0,3271.0
2902,17.893574253205973,12,2001.0
2903,17.888214474769313,4,3228.0
2904,17.888115807725566,7,2820.0
2907,17.86099253589467,13,1530.0
2908,17.847965248278516,5,1837.0
2910,17.8431304244429,3,2769.0
2911,17.83143862839561,5,2500.0
2912,17.831416798408327,5,2227.0
2914,17.81848500313045,9,3189.0
2915,17.81567965135398,8,2723.0
2916,17.80860300533235,5,1538.0
2918,17.79734109761822,11,1544.0
2919,17.784465124836643,8,1506.0
2920,17.781562647093363,6,2625.0
2921,17.780098214263717,11,3169.0
2922,17.77584010587383,5,3597.0
2923,17.766767507227406,7,2669.0
2925,17.755785881487142,5,2436.0
2927,17.749304565891915,4,3005.0
2930,17.72769641013217,13,1755.0
2931,17.725058041815736,10,2573.0
2932,17.71857358238092,3,2721.0
2933,17.716343750298414,7,2815.0
2934,17.713910550090045,5,2777.0
2935,17.707507615962154,6,3401.0
2936,17.70362852108714,4,2188.0
2937,17.6993000421779,3,2625.0
2938,17.698072331990687,7,2898.0
2939,17.68913201223432,4,2744.0
2941,17.682445356515686,4,2449.0
2942,17.674099305092145,5,3219.0
2945,17.65176086789384,9,1963.0
2946,17.647439024375664,9,1975.0
2947,17.645116619449222,4,1974.0
2948,17.63676727645287,11,1416.0
2950,17.617490747299424,13,1902.0
2951,17.614874567393468,0,3399.0
2952,17.607357707223052,11,3482.0
2953,17.602954210000124,7,1770.0
2954,17.60036783259723,13,2162.0
2955,17.596241239324804,18,989.0
2956,17.592878225091813,6,1350.0
2957,17.58177658766171,6,1625.0
2958,17.578937401959536,6,3320.0
2959,17.570205748479008,7,978.0
2961,17.542261666622533,5,2747.0
2962,17.52936821802926,4,2566.0
2963,17.528626154648332,7,2582.0
2965,17.521478002196414,5,3381.0
2966,17.51573948743443,14,1201.0
2967,17.499001193441273,7,2587.0
2968,17.497852866425603,0,2840.0
2969,17.496551722794212,3,2468.0
2970,17.48580385458253,3,2132.0
2971,17.477095174134394,12,2140.0
2972,17.476423931282202,12,1754.0
2973,17.464503699462746,8,1276.0
2974,17.459227255902224,5,2643.0
2975,17.45801698802048,0,2409.0
2976,17.450868289218842,14,2821.0
2977,17.450118075410725,8,2571.0
2979,17.444452649357633,5,1399.0
2980,17.440387214082033,12,3127.0
2981,17.4403617340778,6,3109.0
2983,17.42724170740936,8,1966.0
2984,17.42223384762743,7,2100.0
2985,17.41723782517533,4,3233.0
2987,17.40679639471355,6,2851.0
2992,17.391774212607707,16,1407.0
2994,17.38089381233539,10,3168.0
2995,17.373711688436096,15,1504.0
2996,17.373528452276155,4,3205.0
2997,17.366902432627803,0,1654.0
2998,17.337830666375176,7,2265.0
2999,17.33693956023559,5,3007.0
3000,17.335167427918613,1,2439.0
3003,17.332093377414832,7,1552.0
3004,17.331368713499845,8,3213.0
3005,17.32487364705219,10,2571.0
3007,17.30839310244327,4,2840.0
3009,17.294717998252498,16,1775.0
3012,17.274046037322268,7,2102.0
3014,17.26874887779204,6,2334.0
3015,17.26256915193442,4,1727.0
3017,17.24570072410496,5,2261.0
3019,17.23949431373391,1,2664.0
3020,17.239410280255953,1,796.0
3022,17.23131165111281,9,2752.0
3024,17.220233982490974,5,2538.0
3025,17.218815350808097,0,1358.0
3027,17.21149775683266,9,1085.0
3028,17.195891302395903,3,1291.0
3030,17.18924228821544,6,1990.0
3032,17.183573404063495,0,1736.0
3033,17.17027705017841,6,2305.0
3034,17.167692575101302,6,2860.0
3036,17.14318288472292,1,2355.0
3037,17.123973562924483,7,2349.0
3039,17.096182873036973,7,2678.0
3042,17.08965729201129,5,1906.0
3043,17.080009709289037,7,2719.0
3044,17.079520768015644,0,1119.0
3045,17.077400813806538,2,1414.0
3047,17.070855236167244,0,2756.0
3048,17.068108003654903,9,1887.0
3049,17.06532687088311,5,2026.0
3050,17.04617450905325,6,2610.0
3051,17.04299890833189,12,1436.0
3052,17.042571195679486,8,754.0
3053,17.042370901554353,6,3108.0
3054,17.040251350238076,6,955.0
3056,17.020299466494468,9,1663.0
3058,17.010492053529198,7,3204.0
3059,17.005075299506068,5,1132.0
3060,17.005019609352228,3,1103.0
3062,16.97874478510394,3,1278.0
3063,16.963059260529203,7,1294.0
3064,16.95909237222852,9,2473.0
3066,16.94102672352564,4,2517.0
3067,16.940226285429777,6,2775.0
3068,16.930472464792043,5,3425.0
3071,16.92605590564629,10,1225.0
3073,16.905412315521897,8,2522.0
3074,16.898839566319246,3,1553.0
3075,16.889766586166527,6,1433.0
3077,16.88055063340943,11,1630.0
3078,16.879532215615978,3,1263.0
3079,16.870747014112332,7,2256.0
3080,16.86047004302574,5,2604.0
3082,16.860039995663197,5,2877.0
3084,16.85810661760278,8,426.0
3085,16.85066381307803,0,2465.0
3088,16.843682092901773,5,517.0
3091,16.828206186795683,2,2702.0
3094,16.812308363637236,0,1528.0
3095,16.811579274914838,4,1248.0
3096,16.80764637200386,1,831.0
3097,16.796188278257105,0,2622.0
3099,16.77647776919352,0,3026.0
3101,16.755990077225785,12,997.0
3102,16.751746722691443,5,2545.0
3103,16.742449993594693,4,1686.0
3104,16.741065508845875,5,1234.0
3105,16.738529225245983,6,2538.0
3106,16.73502495816454,2,1025.0
3107,16.729430859619423,2,860.0
3111,16.697252799569775,5,2233.0
3113,16.684188701775184,2,801.0
3114,16.66775633660062,4,2543.0
3115,16.66738031326173,7,1255.0
3117,16.656014613021345,4,1106.0
3118,16.647176528985504,0,3044.0
3120,16.63742584810233,5,2464.0
3121,16.63114673654613,5,2848.0
3122,16.62638542216631,5,1981.0
3125,16.590469094973564,1,2478.0
3127,16.574428699670605,1,803.0
3128,16.57007748378687,4,2153.0
3130,16.55109745350046,5,1615.0
3131,16.53946265112251,15,2012.0
3132,16.521784649383743,5,2406.0
3133,16.519714839656885,6,1627.0
3134,16.51818433194924,1,588.0
3135,16.510186724021032,7,1872.0
3137,16.49264742786465,7,1658.0
3139,16.487653542216012,4,2868.0
3140,16.486107320696107,4,2609.0
3141,16.479711896533075,7,1829.0
3142,16.47261778927302,3,2271.0
3144,16.449726400759133,1,2881.0
3145,17.973051600564965,21,3237.0
3146,17.810647672556595,12,2856.0
3148,17.142902470432023,7,1959.0
3149,16.961386350532813,9,2470.0
3150,16.535443347319898,0,2700.0
3151,16.525162741873213,8,1480.0
3153,16.30609381528537,8,2549.0
3154,16.25740862299616,9,2801.0
3155,16.018052196864307,7,524.0
3158,14.18475003650837,10,124.0
3159,14.089795792173593,11,65.0
3160,11.705024070278101,20,44.0
3165,15.340174152960476,1,137.0
3167,15.211485906737016,1,152.0
3168,15.172668032823553,11,160.0
3169,15.07534163130805,4,84.0
3170,14.953750528244818,0,154.0
3171,14.890747424498985,8,115.0
3172,14.873487293064267,25,199.0
3173,14.70314128755516,9,252.0
3174,14.686303380246573,3,92.0
3175,14.633556287652837,4,135.0
3176,14.603871095459544,18,142.0
3177,14.524020130392412,3,62.0
3181,14.30400590662218,4,116.0
3183,14.272394752547832,0,50.0
3186,14.219046473042328,0,39.0
3188,14.170933518498755,0,63.0
3189,14.163865486363322,0,120.0
3190,14.133218556547954,0,57.0
3191,14.016578629007745,1,147.0
3193,13.874648899342352,4,52.0
3194,13.849746753640405,0,47.0
3195,13.845962165420103,0,60.0
3198,13.765050600465592,21,80.0
3199,13.706803337220071,0,69.0
3200,13.60259081495635,0,55.0
3202,13.520194084156483,7,107.0
3204,13.476219351779262,0,74.0
3210,13.369243767629559,0,80.0
3219,13.188338366327862,10,37.0
3220,13.130391069091559,7,43.0
3222,13.09106257876771,4,26.0
3223,13.077430862927178,0,71.0
3227,12.965517736095014,20,73.0
3230,12.909472091554465,5,19.0
3232,12.87818514012126,1,21.0
3233,12.871900015435155,4,26.0
3234,12.859628844395901,11,31.0
3235,12.83667930761522,0,64.0
3246,12.704964342416547,0,14.0
3247,12.699902658639948,13,39.0
3249,12.69876993958121,7,31.0
3250,12.694944028939839,0,11.0
3251,12.693587676276655,1,22.0
3254,12.634098013077999,11,18.0
3263,12.447708161676074,0,42.0
3264,12.422642638272947,0,17.0
3271,12.318865473005296,5,30.0
3272,12.288928316187931,4,17.0
3275,12.217852984065704,15,20.0
3277,12.201944134946393,12,13.0
3279,12.111058421926492,0,47.0
3282,12.07888111345183,4,13.0
3288,11.97935396103651,8,20.0
3292,11.945253187234963,11,11.0
3294,11.930180794452868,0,61.0
3298,11.905285069899913,3,14.0
3299,11.88811004378786,0,7.0
3304,11.831488281047873,1,7.0
3305,11.82804272717055,11,15.0
3307,11.790973781453724,4,15.0
3312,11.717839870416817,8,24.0
3314,11.67394677359348,0,2.0
3316,11.624860322207184,0,6.0
3319,11.557583293264585,0,7.0
3323,11.521756357604984,33,6.0
3327,11.450996868348062,11,36.0
3328,11.399051030769385,17,13.0
3331,11.341935462918219,5,8.0
3337,11.155650340959463,0,15.0
3338,11.13783921111854,1,10.0
3345,10.981965158783856,0,4.0
3346,10.947731648720744,30,9.0
3349,10.928273880563582,0,7.0
3350,10.927879042172982,13,9.0
3352,10.881926450925217,0,8.0
3353,10.875553519877696,0,5.0
3357,10.75239839707897,5,4.0
3358,10.751799184597422,8,2.0
3366,10.561137080742917,0,6.0
3370,10.45843531933701,0,3.0
3371,10.426587537177507,4,2.0
3373,10.411388904784872,0,8.0
3374,10.41000390471402,0,6.0
3376,10.37695392954475,0,7.0
3378,10.344351978996153,5,12.0
3381,10.327643559087782,0,9.0
3383,10.298329770340379,9,6.0
3385,10.277221166482795,0,10.0
3386,10.256535928419162,12,4.0
3388,10.205553183855171,20,8.0
3389,10.19058195234216,9,12.0
3390,10.181232919041921,13,6.0
3393,10.107448284433564,7,2.0
3398,10.035173493361503,0,2.0
3399,10.026589749670112,15,1.0
3400,10.017084059118668,14,10.0
3401,10.00242750039103,0,2.0
3403,9.983176351437496,0,4.0
3404,9.964206287570834,0,6.0
3405,9.948986592607346,0,6.0
3406,9.91219949313815,8,1.0
3408,9.887561401985868,7,9.0
3411,9.79305865876674,17,3.0
3413,9.781432906528822,0,6.0
3414,9.688808079634049,0,6.0
3416,9.659886159319521,2,2.0
3419,9.531698970787348,17,3.0
3420,9.511185430954244,5,3.0
3421,9.505916206547065,6,2.0
3423,9.491224389926964,0,1.0
3424,9.464750005164392,0,13.0
3425,9.408289184655837,22,6.0
3430,9.276783328524896,1,7.0
3431,9.243484970568485,0,4.0
3433,9.201804040953895,0,1.0
3435,9.18471482433721,10,9.0
3436,9.169518377455928,0,2.0
3437,9.167432870964907,0,1.0
3438,9.128696382935672,15,2.0
3444,9.018089684104343,5,5.0
3447,8.98969370086056,5,1.0
3448,8.980046316633132,5,2.0
3452,8.910990494656719,12,2.0
3454,8.871926251117628,0,6.0
3455,8.87024156729927,14,2.0
3458,8.83200393125627,0,2.0
3459,8.821732380934442,12,2.0
3460,8.805824812903607,23,8.0
3461,8.805525052709516,16,2.0
3464,8.651549243915316,5,2.0
3465,8.651024539049757,0,1.0
3466,8.64135583403666,7,2.0
3467,8.615045591583742,0,2.0
3468,8.599694412927981,3,1.0
3469,8.525756422076725,15,2.0
3470,8.51959031601596,0,1.0
3472,8.492080490601163,6,2.0
3475,8.38320455141292,4,1.0
3476,8.339739766019143,14,1.0
3477,8.32239411311117,8,2.0
3478,8.31996102188653,15,3.0
3483,8.215276958936633,12,1.0
3487,8.148156439921625,0,1.0
3488,8.081475040137052,0,1.0
3490,8.009695357742922,6,2.0
3491,8.00736706798333,7,3.0
3492,7.99260665240021,16,1.0
3493,7.8826922062890254,9,2.0
3495,7.83241092718792,5,3.0
3496,7.818027938530729,0,1.0
3497,7.796469243086058,4,3.0
3498,7.773594467360194,10,1.0
3501,7.563200592358071,10,2.0
3502,7.444248649496705,14,1.0
3504,7.29776828253138,2,1.0
3506,6.966967138613983,7,1.0
3509,6.840546529288687,5,1.0
3511,6.656726524178391,0,1.0
3515,4.382026634673881,0,1.0
3520,14.954612946081562,11,202.0
3523,14.418024355437359,6,602.0
3526,13.887996787232163,17,133.0
3527,13.880343723190013,12,306.0
3530,12.429216196844383,0,4.0
3531,11.388189564068671,18,30.0
3533,16.534223773194316,18,1816.0
3535,14.991841933712406,15,1902.0
3537,18.136807794239097,9,2320.0
3538,17.91576010141738,5,2657.0
3539,17.84091672935818,8,3455.0
3544,17.51084709517444,7,2545.0
3547,17.38803528090916,4,2833.0
3548,17.353575872305345,6,1357.0
3549,17.329435164330356,3,1387.0
3553,17.25520877834766,8,1874.0
3555,17.076255700718097,15,2809.0
3558,16.906337669956486,5,510.0
3561,16.785414175124426,10,2296.0
3562,16.706288733261697,8,2161.0
3563,16.681907992460832,4,1139.0
3565,16.635780913513457,6,272.0
3566,16.60609120053192,11,411.0
3567,16.59659285743741,2,1054.0
3568,16.58194594973756,9,291.0
3569,16.484560091034833,4,1551.0
3570,16.443345942138556,7,1725.0
3571,16.436182769428104,0,433.0
3572,16.366233583960174,9,422.0
3573,16.340637501286793,3,979.0
3574,16.326222534380037,3,539.0
3575,16.25512063388339,7,1265.0
3576,16.169332058727857,7,541.0
3577,16.131022537569812,11,259.0
3579,16.06173120419602,5,506.0
3580,16.037836119780266,4,262.0
3581,16.01459806563439,3,1555.0
3582,15.897189220422355,8,883.0
3583,15.86973992710584,6,232.0
3586,15.825093317650557,1,1395.0
3588,15.772606201194165,0,1625.0
3589,15.668074240724344,9,246.0
3591,15.571797241775162,3,170.0
3592,15.564780149472307,31,870.0
3594,15.342649318869116,3,143.0
3595,15.326952106028521,3,193.0
3596,15.274072788572639,7,1306.0
3597,15.25869788102821,4,186.0
3598,15.16478402455469,9,134.0
3600,14.94651775277637,1,85.0
3601,14.74636078413932,6,87.0
3602,14.71194382903892,12,427.0
3603,14.54582971984351,8,45.0
3604,14.395290252464477,4,83.0
3605,14.17962019594604,1,56.0
3606,14.089725859126855,11,109.0
3607,14.040052331310306,9,107.0
3608,13.973845898444582,9,353.0
3610,13.55356380632617,3,24.0
3613,13.508974528086721,0,60.0
3615,13.19960586041346,6,88.0
3616,12.963808345977732,1,27.0
3618,12.67161006609729,4,17.0
3620,12.243291356012781,11,312014.0
3622,12.02120585236849,18,25.0
3623,11.711727142178132,2,39.0
3624,11.373192022188952,4,22.0
3626,10.988828836344187,0,51.0
3628,10.51845695203205,0,9.0
3631,9.904137341377625,0,8.0
3632,9.336444248771908,0,4.0
3633,9.038958755220563,0,6.0
3634,8.882530508433623,12,11.0
3635,7.874739125171811,0,1.0
3640,17.07231992177851,2,547.0
3647,16.364708901555485,8,391.0
3649,16.333931445542728,13,143.0
3656,16.04396126307109,0,255.0
3658,15.967109143187873,5,280.0
3659,15.928422658455709,1,145.0
3661,15.861789369799938,4,328.0
3664,15.77547223456159,11,282.0
3665,15.762441471576421,0,463.0
3666,15.723495109128079,5,333.0
3670,15.626064630262888,0,307.0
3671,15.587299775848024,15,165.0
3672,15.556802532089549,11,365.0
3675,15.518178305968235,2,170.0
3677,15.494525651143418,5,203.0
3678,15.486879532567501,3,78.0
3679,15.484481861745234,1,353.0
3680,15.477494809397518,8,1.0
3681,15.466443902108894,0,106.0
3683,15.43046999866634,14,356.0
3684,15.42780538552723,6,202.0
3685,15.426979007461938,6,252.0
3687,15.30746049120855,6,536.0
3690,15.283892380976052,0,189.0
3692,15.258929540686495,6,165.0
3693,15.250253596382162,0,261.0
3694,15.249884116290756,4,239.0
3697,15.210163389540199,3,272.0
3698,15.191375723593625,14,120.0
3699,15.19123272991719,0,141.0
3701,15.141739047387803,1,112009.0
3703,15.122814740640685,0,157.0
3705,15.109519933761193,0,90.0
3710,14.993625716311914,1,402.0
3711,14.980442904889884,7,236.0
3712,14.974217759550378,4,116.0
3715,14.94158819699593,11,119.0
3716,14.938898382613784,3,350.0
3718,14.928447753475925,1,63.0
3721,14.853625924995267,0,52004.0
3722,14.846726200499624,0,108.0
3723,14.800838800329046,0,143.0
3726,14.750445206873396,6,494.0
3727,14.73638118608437,8,96.0
3728,14.718091741974709,4,353.0
3733,14.667226074694307,0,99.0
3738,14.643109082863372,0,93.0
3739,14.641401195809207,0,55.0
3740,14.641372735488474,5,208.0
3741,14.638091748328872,0,64.0
3742,14.631858516121712,20,138.0
3743,14.618172911627994,6,206.0
3744,14.614306112746794,1,106.0
3746,14.586564165975181,3,63.0
3747,14.585174699589906,15,274.0
3750,14.550807331395669,0,43.0
3751,14.546490951082049,20,142.0
3753,14.539766794811449,0,461.0
3754,14.53920003755673,0,168.0
3756,14.471371153738202,0,92.0
3757,14.456283860516425,0,63.0
3762,14.405594027634214,9,218.0
3764,14.373173010810842,0,62.0
3766,14.3685970765368,0,36.0
3767,14.367847346717989,0,75.0
3768,14.363803050104218,7,91.0
3771,14.341831309763663,0,96.0
3772,14.333633888574239,1,74.0
3774,14.328316818972699,1,67.0
3775,14.311719679211237,0,54.0
3788,14.102002172101656,15,77.0
3790,14.099695773532396,0,330.0
3795,14.048270919173186,1,52.0
3796,14.025977296950373,18,153.0
3798,14.009594334502019,1,41.0
3799,13.998103744530189,0,54.0
3801,13.968913815684063,0,29.0
3802,13.964634625517242,0,66.0
3806,13.921481887037599,6,2.0
3809,13.906601850766977,2,89.0
3810,13.904253767798663,10,80.0
3811,13.897030635328049,5,117.0
3813,13.89443633440999,16,51.0
3814,13.892649361077584,0,2.0
3817,13.87675898517366,0,44.0
3820,13.85860740304883,7,61.0
3823,13.846885186323412,7,43.0
3824,13.845131494197792,27,78.0
3827,13.827311650348781,5,24.0
3830,13.800743053136694,0,54.0
3832,13.733124105866269,0,23.0
3834,13.718253784775797,0,35.0
3835,13.696634675368148,1,56.0
3840,13.643218140799183,9,81.0
3841,13.627612280127103,0,125.0
3842,13.605351097333346,0,15.0
3843,13.584605715600034,2,64.0
3846,13.548463446061788,5,51.0
3849,13.497498479302934,19,73.0
3857,13.36253394285606,0,40.0
3860,13.337724725776482,3,24.0
3863,13.289811538255426,0,30.0
3865,13.243757662421302,6,21.0
3866,13.236390033358854,6,59.0
3867,13.227508669903312,0,25.0
3868,13.217066100016615,0,25.0
3869,13.206167617022452,5,32.0
3875,13.187343675943891,4,23.0
3877,13.167384543051849,0,50.0
3882,13.0183219913124,5,56.0
3884,13.016702816737501,8,45.0
3888,12.951465916423416,0,24.0
3889,12.940723987881364,2,121.0
3891,12.901587022069597,6,39.0
3893,12.894905532896564,10,47.0
3894,12.89108684285993,10,26.0
3895,12.856557597711038,31,77.0
3896,12.85165640915851,8,366.0
3899,12.838930929161776,5,50.0
3900,12.836697936849546,4,20.0
3902,12.816077318998726,0,23.0
3903,12.810489700170136,7,28.0
3904,12.809642432421121,0,41.0
3905,12.745179556834056,5,35.0
3912,12.644824227303427,5,40.0
3919,12.541347737287909,0,19.0
3921,12.470688220050208,0,23.0
3922,12.463698779688759,6,7.0
3926,12.406549231245156,8,18.0
3930,12.388235856454749,19,21.0
3931,12.352654755857479,0,20.0
3932,12.341988069093278,1,21.0
3933,12.340459297316292,1,24.0
3936,12.269690430420189,4,10.0
3937,12.253409373019673,0,17.0
3938,12.242298493934218,0,30.0
3941,12.214591258895503,0,21.0
3945,12.166218932074466,0,27.0
3953,12.003129926531726,14,126.0
3958,11.850154557960531,0,18.0
3962,11.737028555779139,0,20.0
3965,11.597330949569658,0,21.0
3967,11.437371832969067,0,14.0
3968,11.43617400187109,0,3.0
3973,11.105844051343766,8,15.0
3977,9.82720028436401,0,6.0
