,version_count,total_gross
0,7.0,162805434.0
1,8.0,135453143.0
2,6.0,132092958.0
3,2.0,120540719.0
4,5.0,116632095.0
5,19.0,90951831.0
6,9.0,90710620.0
7,14.0,75357139.0
8,10.0,57012977.0
9,8.0,51386611.0
10,26.0,45090374.0
11,11.0,44671682.0
12,13.0,44137712.0
14,11.0,38180928.0
15,66.0,37738810.0
16,28.0,37709979.0
17,8.0,37400127.0
18,6.0,36024076.0
19,4.0,34194407.0
20,9.0,32015787.0
21,5.0,31457946.0
22,7.0,30017992.0
23,5.0,25037897.0
24,9.0,24816118.0
25,2.0,20264436.0
26,3.0,19676965.0
27,1.0,18390117.0
28,10.0,17687709.0
29,9.0,17418667.0
30,8.0,16377274.0
31,5.0,16188180.0
32,25.0,16170632.0
33,29.0,16101339.0
34,5.0,15281286.0
35,8.0,15026056.0
36,7.0,14600347.0
37,20.0,14482031.0
39,5.0,12594698.0
41,6.0,12044087.0
44,6.0,10143779.0
45,13.0,9706328.0
46,12.0,9662284.0
48,10.0,9176000.0
49,1.0,9015303.0
50,24.0,8323085.0
51,10.0,8117000.0
52,16.0,7791979.0
53,3.0,7693187.0
54,2.0,7417319.0
55,4.0,6594959.0
56,6.0,5933494.0
57,15.0,4835065.0
58,9.0,4441272.0
59,16.0,4438438.0
60,7.0,4017609.0
61,5.0,3863446.0
62,8.0,3344306.0
63,5.0,2450867.0
64,2.0,2025328.0
66,2.0,1517410.0
67,2.0,1457248.0
68,3.0,1215045.0
69,10.0,973018.0
70,15.0,930469.0
71,16.0,872252.0
72,12.0,867275.0
73,9.0,802535.0
74,5.0,757195.0
76,6.0,688529.0
77,15.0,677646.0
80,1.0,583633.0
81,3.0,583455.0
82,8.0,562218.0
83,18.0,510007.0
84,8.0,480813.0
86,7.0,455654.0
87,1.0,384955.0
88,8.0,373420.0
90,5.0,279202.0
92,5.0,205741.0
94,5.0,143979.0
95,5.0,113662.0
96,17.0,101196.0
97,13.0,92853.0
99,5.0,79123.0
100,2.0,56131.0
101,11.0,55125.0
102,11.0,50899.0
103,6.0,47771.0
104,4.0,18643.0
106,1.0,10854.0
108,5.0,10616104.0
109,1.0,5307960.0
111,4.0,2804874.0
113,14.0,2238174.0
115,6.0,2197694.0
116,1.0,1579940.0
117,12.0,1532594.0
118,1.0,1514558.0
119,2.0,1367024.0
122,7.0,1223240.0
124,1.0,1122527.0
126,6.0,1048143.0
127,4.0,1017335.0
128,1.0,879913.0
129,14.0,847993.0
133,2.0,754268.0
135,1.0,738525.0
150,1.0,270880.0
170,1.0,87838.0
182,2.0,14231.0
186,1.0,7461.0
187,1.0,6330.0
192,11.0,448139099.0
193,9.0,381011219.0
194,16.0,347251832.0
195,8.0,317575550.0
196,8.0,303003568.0
197,8.0,301959197.0
198,6.0,295983305.0
199,8.0,292576195.0
200,3.0,292004738.0
202,5.0,290013036.0
203,18.0,281576461.0
204,9.0,277322503.0
205,27.0,274092705.0
206,3.0,261988482.0
207,15.0,258366855.0
208,19.0,257760692.0
209,3.0,256393010.0
210,6.0,255959475.0
211,13.0,255119788.0
212,22.0,254464305.0
213,5.0,251188924.0
214,8.0,249541069.0
215,7.0,241721524.0
216,7.0,210614939.0
217,6.0,209028679.0
218,2.0,206459076.0
219,6.0,205343774.0
220,4.0,200081192.0
221,2.0,198000317.0
222,8.0,193000000.0
223,14.0,186848418.0
224,8.0,184031112.0
225,13.0,183875760.0
226,5.0,183417150.0
227,3.0,182618434.0
228,6.0,171479930.0
229,7.0,165493908.0
230,1.0,162831698.0
231,1.0,162775358.0
232,5.0,153294164.0
233,2.0,152647258.0
234,25.0,150394119.0
235,7.0,150371112.0
236,4.0,148168459.0
237,2.0,148095302.0
238,8.0,147253986.0
239,1.0,144731527.0
240,4.0,139313948.0
241,36.0,137400141.0
242,7.0,136801374.0
243,5.0,136025503.0
244,8.0,134218018.0
245,5.0,133378256.0
246,8.0,132384315.0
247,3.0,130444603.0
248,2.0,130319208.0
249,2.0,125544280.0
250,7.0,125322469.0
251,6.0,121945720.0
252,2.0,120146040.0
253,15.0,119500000.0
254,7.0,117538559.0
255,6.0,117154724.0
256,7.0,116601172.0
257,13.0,115821495.0
258,11.0,113804681.0
259,7.0,113721571.0
260,7.0,112200072.0
261,4.0,111127263.0
262,10.0,110485654.0
263,13.0,108766007.0
264,16.0,108385533.0
266,3.0,107509799.0
267,4.0,107325195.0
268,2.0,106885658.0
269,5.0,106807667.0
270,7.0,106593296.0
271,23.0,106580051.0
273,8.0,103860290.0
274,56.0,101802906.0
275,7.0,101631272.0
276,12.0,101295562.0
277,6.0,101157447.0
278,6.0,100920329.0
279,14.0,100768056.0
280,7.0,100539043.0
281,4.0,100492203.0
282,6.0,100246011.0
283,16.0,100206256.0
284,4.0,97690976.0
285,6.0,95347692.0
286,9.0,95020213.0
287,8.0,94835059.0
288,7.0,94784201.0
289,2.0,94175854.0
290,6.0,93953653.0
291,5.0,93466502.0
293,5.0,93354851.0
294,8.0,92186262.0
295,13.0,92115211.0
296,1.0,90464773.0
297,14.0,90418342.0
298,3.0,90135191.0
299,1.0,88237754.0
300,9.0,86907746.0
301,7.0,86303188.0
303,8.0,85196485.0
304,22.0,84525432.0
305,13.0,84351197.0
306,20.0,84273813.0
308,11.0,83563139.0
309,8.0,83015089.0
310,12.0,81198894.0
311,1.0,80270227.0
312,9.0,79727149.0
313,2.0,78685114.0
314,2.0,78616689.0
315,2.0,78000000.0
316,12.0,77698625.0
317,3.0,77233467.0
318,7.0,76631907.0
319,6.0,75982834.0
320,2.0,75976178.0
321,16.0,75658097.0
322,1.0,75530832.0
323,13.0,74865517.0
324,13.0,73707461.0
325,6.0,73648142.0
326,4.0,72286779.0
327,10.0,72217396.0
328,3.0,72006777.0
329,8.0,72000000.0
330,8.0,71518503.0
331,1.0,71516617.0
332,11.0,71441955.0
333,17.0,71319526.0
334,4.0,70687344.0
335,11.0,70600000.0
337,7.0,70405498.0
338,3.0,70231041.0
339,15.0,70172621.0
340,4.0,69847348.0
341,1.0,69772969.0
342,2.0,69599016.0
343,11.0,68392977.0
344,9.0,67659560.0
345,7.0,67642693.0
346,4.0,67638368.0
347,8.0,67436818.0
348,5.0,67355513.0
349,5.0,66934963.0
350,5.0,66477700.0
352,8.0,65207127.0
353,26.0,65187603.0
354,6.0,64616940.0
355,3.0,64167069.0
356,8.0,64006466.0
357,13.0,63766510.0
358,11.0,63541777.0
359,2.0,63414846.0
361,13.0,63270710.0
363,7.0,61389680.0
365,1.0,60944660.0
366,9.0,60674817.0
367,2.0,60652036.0
368,7.0,60457138.0
369,12.0,60088980.0
371,3.0,59694580.0
372,6.0,59509925.0
373,17.0,58055768.0
374,7.0,57377916.0
375,16.0,57362582.0
376,5.0,57262492.0
377,5.0,57167405.0
378,11.0,56569216.0
379,6.0,55973336.0
380,8.0,55956187.0
381,2.0,55691208.0
382,5.0,55675313.0
383,8.0,55600000.0
384,14.0,55432841.0
385,1.0,55250026.0
386,5.0,54830779.0
387,17.0,54544638.0
389,4.0,54149098.0
390,5.0,53854588.0
391,9.0,53695808.0
392,15.0,53375488.0
393,7.0,53374681.0
395,11.0,53315285.0
396,1.0,52880016.0
397,2.0,52330111.0
398,2.0,51758599.0
399,6.0,51438175.0
400,15.0,51270765.0
401,6.0,50865589.0
402,6.0,50824620.0
403,6.0,50572589.0
404,22.0,50474843.0
405,3.0,50282766.0
406,8.0,50081992.0
407,20.0,50024083.0
408,11.0,50000000.0
409,6.0,49772522.0
410,16.0,49364621.0
411,6.0,49200230.0
412,18.0,49042224.0
413,1.0,49033882.0
414,5.0,48751189.0
415,5.0,48478006.0
417,9.0,48143579.0
418,6.0,47624353.0
419,7.0,47410827.0
420,20.0,47124828.0
421,21.0,47047013.0
422,12.0,46836214.0
423,4.0,46708276.0
424,6.0,46683377.0
425,12.0,46357676.0
426,21.0,46294610.0
427,8.0,46236000.0
428,8.0,46000903.0
430,6.0,45060734.0
431,5.0,44942695.0
432,16.0,44875481.0
433,4.0,44737059.0
434,5.0,44547681.0
435,1.0,44089964.0
436,8.0,44065653.0
437,14.0,44017374.0
438,8.0,43945766.0
439,5.0,43894863.0
440,1.0,43799818.0
443,10.0,43579163.0
444,9.0,43545364.0
445,2.0,43313890.0
446,2.0,43107979.0
447,2.0,43000262.0
448,3.0,42800000.0
449,12.0,42724017.0
450,10.0,42587643.0
451,5.0,42285169.0
452,14.0,42024533.0
454,1.0,41850659.0
455,4.0,41821986.0
457,5.0,41596251.0
458,1.0,41482207.0
459,9.0,41410568.0
460,10.0,41292551.0
461,2.0,41281092.0
462,8.0,40940662.0
463,17.0,40903593.0
464,12.0,40202379.0
465,1.0,40077257.0
466,19.0,39846344.0
467,11.0,39768000.0
468,6.0,39673161.0
470,7.0,39404261.0
471,1.0,39394666.0
472,7.0,39053061.0
473,5.0,39046489.0
474,12.0,38748395.0
475,3.0,38590458.0
476,11.0,38518613.0
477,12.0,38348988.0
478,3.0,38122883.0
479,2.0,38108728.0
480,1.0,38087756.0
481,5.0,38082712.0
482,13.0,37903295.0
483,4.0,37771017.0
484,8.0,37662162.0
485,3.0,37491364.0
486,1.0,37306030.0
487,4.0,37020277.0
488,3.0,36906460.0
489,2.0,36895141.0
490,7.0,36853222.0
491,7.0,36821203.0
492,17.0,36793804.0
493,1.0,36400360.0
494,9.0,36392502.0
495,6.0,36230219.0
496,1.0,36105433.0
497,2.0,35976000.0
498,9.0,35763137.0
499,1.0,35610100.0
500,4.0,35281794.0
501,4.0,35161554.0
502,19.0,34967437.0
503,6.0,34712347.0
504,11.0,34700291.0
505,6.0,34673095.0
506,13.0,34670720.0
507,4.0,34562556.0
508,4.0,34432201.0
509,5.0,34297191.0
510,16.0,34296320.0
511,5.0,34134641.0
512,5.0,33864342.0
513,10.0,33715436.0
514,5.0,33691313.0
515,2.0,33519628.0
516,5.0,33357476.0
517,3.0,33316821.0
518,7.0,33047633.0
519,14.0,33035397.0
520,5.0,32746941.0
521,3.0,32720065.0
522,2.0,32682342.0
523,3.0,32632093.0
524,5.0,32598931.0
525,4.0,32222567.0
526,2.0,32130627.0
527,13.0,32051917.0
528,1.0,31945749.0
529,13.0,31906454.0
531,2.0,31800000.0
532,1.0,31664162.0
533,13.0,31181347.0
534,8.0,31130999.0
535,8.0,30950002.0
536,8.0,30932113.0
539,5.0,30336800.0
540,15.0,30303072.0
541,5.0,30208599.0
542,3.0,30113491.0
543,9.0,30077111.0
544,9.0,30038362.0
545,16.0,29807260.0
546,6.0,29712172.0
547,5.0,29450919.0
548,5.0,28598376.0
549,5.0,28590665.0
550,5.0,28445927.0
551,2.0,28142535.0
553,10.0,28061343.0
554,3.0,28000000.0
555,5.0,27807266.0
556,7.0,27580111.0
557,7.0,27441977.0
558,22.0,27108272.0
559,4.0,26890041.0
560,6.0,26869286.0
561,12.0,26589355.0
562,6.0,26414658.0
563,10.0,26285544.0
564,4.0,26235081.0
565,5.0,26186631.0
566,16.0,25942324.0
567,4.0,25893810.0
568,6.0,25804707.0
569,17.0,25697647.0
570,4.0,25682090.0
572,5.0,423315812.0
573,15.0,415004880.0
576,8.0,339714978.0
577,11.0,333176600.0
578,17.0,312855561.0
579,5.0,309420425.0
580,5.0,305413918.0
581,5.0,293506292.0
582,12.0,293004164.0
583,5.0,291710957.0
587,8.0,255873250.0
588,6.0,245852179.0
589,8.0,244082982.0
594,4.0,227966634.0
595,4.0,223808164.0
596,16.0,222366600.0
597,3.0,219964115.0
598,5.0,217350219.0
599,6.0,206445654.0
600,5.0,206362140.0
601,6.0,201578182.0
602,7.0,200821936.0
603,7.0,198542554.0
604,11.0,191796233.0
605,10.0,191452396.0
607,8.0,182207973.0
608,8.0,178406268.0
609,6.0,173008894.0
610,8.0,172062763.0
611,6.0,171091819.0
612,12.0,169708112.0
613,6.0,168273550.0
615,9.0,163958031.0
616,6.0,162798565.0
617,6.0,161491646.0
618,16.0,156452370.0
619,6.0,145863363.0
621,8.0,144833357.0
622,6.0,141621490.0
623,6.0,141579773.0
624,6.0,139605150.0
625,7.0,139236327.0
626,5.0,137748063.0
627,9.0,136492681.0
628,14.0,136189294.0
629,6.0,135386665.0
630,12.0,134069511.0
631,3.0,132716677.0
632,19.0,130724172.0
633,5.0,127807262.0
634,3.0,127223418.0
635,14.0,123922370.0
636,4.0,120620254.0
637,7.0,119436770.0
638,6.0,115654751.0
639,7.0,114197520.0
640,6.0,114053579.0
641,6.0,113086868.0
642,4.0,111549836.0
643,5.0,110230332.0
644,7.0,110101975.0
645,6.0,108248956.0
646,2.0,105263257.0
647,6.0,104636382.0
648,8.0,104400899.0
649,4.0,103738726.0
650,7.0,101648571.0
651,6.0,101117573.0
652,26.0,100138851.0
653,14.0,99967670.0
654,3.0,99112101.0
655,2.0,97822171.0
656,5.0,97403112.0
657,12.0,95860116.0
658,4.0,95170481.0
659,5.0,95011339.0
660,6.0,94514402.0
661,1.0,92977226.0
662,9.0,91387195.0
663,9.0,90759676.0
664,5.0,90648202.0
665,3.0,90559416.0
666,38.0,90288712.0
667,5.0,89707299.0
668,5.0,89325780.0
669,12.0,89302687.0
671,5.0,88631237.0
672,9.0,88036683.0
673,8.0,85468508.0
674,6.0,85336277.0
675,9.0,84919401.0
676,2.0,84500122.0
677,12.0,84355863.0
678,7.0,84056472.0
680,8.0,82569971.0
681,6.0,82272442.0
682,9.0,81612565.0
683,5.0,81172560.0
684,14.0,81057016.0
685,11.0,79884879.0
686,9.0,79576189.0
687,21.0,78222753.0
689,3.0,75847266.0
690,6.0,75383563.0
691,5.0,74541707.0
692,5.0,74339294.0
693,18.0,73741048.0
694,13.0,73078100.0
695,2.0,71624879.0
698,15.0,69821334.0
700,11.0,68856263.0
701,6.0,67406573.0
702,6.0,67303450.0
703,2.0,67172594.0
704,5.0,66957026.0
705,15.0,66954149.0
706,11.0,66596803.0
707,5.0,66308518.0
708,5.0,66023816.0
709,13.0,65673233.0
710,1.0,65538755.0
711,11.0,65328121.0
713,1.0,64378093.0
714,28.0,64038616.0
715,4.0,63946815.0
716,8.0,63707829.0
717,10.0,62950384.0
718,4.0,62134225.0
719,6.0,60883407.0
721,3.0,60786269.0
722,4.0,60476872.0
723,5.0,59927618.0
724,5.0,59713955.0
726,5.0,58662452.0
727,11.0,58620973.0
728,1.0,58331254.0
729,4.0,58223861.0
730,8.0,58017783.0
731,8.0,57806952.0
732,13.0,57319029.0
733,9.0,57272727.0
734,10.0,57041866.0
735,7.0,56937502.0
736,4.0,56709981.0
737,18.0,56505065.0
738,15.0,55100437.0
739,5.0,55011732.0
740,10.0,54240821.0
741,4.0,54234062.0
742,2.0,53898845.0
744,6.0,53208180.0
745,3.0,53089891.0
746,5.0,52864741.0
747,4.0,52802140.0
748,6.0,52364010.0
749,14.0,52293982.0
750,1.0,51882244.0
751,8.0,51854875.0
752,4.0,51264000.0
753,17.0,51183113.0
754,6.0,51088705.0
755,5.0,51085416.0
756,10.0,50866635.0
757,3.0,50752337.0
758,5.0,50632037.0
759,9.0,50236831.0
760,8.0,50047179.0
761,7.0,50030461.0
762,11.0,50021959.0
765,5.0,48430258.0
766,1.0,48169156.0
767,6.0,48102795.0
768,5.0,47901582.0
769,2.0,47642963.0
770,6.0,46704056.0
771,2.0,46666502.0
773,4.0,45610425.0
774,7.0,45610410.0
775,5.0,45554533.0
776,5.0,45512588.0
777,13.0,45500797.0
778,18.0,44645619.0
779,5.0,44480039.0
780,8.0,44277350.0
781,1.0,43760605.0
782,4.0,43610723.0
783,5.0,43577636.0
784,18.0,43229904.0
785,5.0,43061982.0
786,1.0,42850000.0
787,6.0,42734455.0
788,7.0,42647449.0
790,9.0,42400223.0
791,5.0,41833324.0
793,6.0,40693477.0
794,8.0,40586886.0
795,5.0,40356000.0
796,8.0,40150487.0
797,4.0,39900000.0
798,5.0,39799191.0
799,14.0,39514713.0
800,11.0,39100956.0
802,6.0,38577772.0
803,3.0,38229000.0
804,9.0,38178166.0
805,6.0,38176783.0
806,3.0,38120905.0
807,6.0,37486512.0
808,9.0,37384046.0
809,5.0,37047880.0
810,6.0,36853000.0
811,6.0,36850101.0
812,13.0,36733909.0
813,3.0,36706141.0
815,10.0,36448400.0
816,9.0,36359037.0
817,12.0,35841901.0
818,8.0,35348597.0
819,4.0,35081594.0
820,4.0,34793160.0
821,14.0,34693481.0
822,12.0,34368475.0
823,4.0,34327391.0
824,6.0,34105207.0
827,13.0,33000000.0
828,14.0,32901136.0
830,3.0,32698899.0
831,5.0,32680633.0
833,5.0,32000301.0
834,16.0,31623833.0
835,8.0,31387164.0
836,9.0,31129082.0
837,1.0,31041759.0
838,9.0,31000000.0
839,8.0,30862156.0
840,11.0,30806194.0
841,6.0,30664106.0
842,19.0,30577969.0
843,2.0,30160161.0
845,3.0,29888235.0
847,2.0,29600000.0
849,4.0,29392418.0
850,4.0,29331068.0
851,9.0,29300090.0
853,5.0,29089912.0
854,13.0,29000301.0
855,8.0,29000000.0
856,1.0,28972764.0
857,19.0,28946127.0
858,11.0,28881266.0
859,1.0,28738096.0
860,13.0,28202109.0
861,2.0,28084357.0
863,5.0,28000000.0
864,2.0,27931461.0
865,2.0,27807627.0
866,6.0,27287137.0
867,3.0,27281507.0
869,13.0,26960191.0
870,8.0,26910736.0
871,10.0,26692846.0
872,4.0,26570463.0
873,2.0,26491793.0
875,9.0,26325256.0
877,8.0,25702053.0
878,5.0,25642000.0
879,5.0,25479558.0
880,5.0,25473352.0
881,2.0,25411386.0
883,13.0,25336794.0
885,12.0,24822619.0
886,4.0,24670346.0
887,5.0,24402491.0
888,8.0,24332324.0
889,13.0,24147179.0
890,8.0,24103594.0
891,5.0,24020403.0
892,6.0,24008137.0
894,9.0,23920048.0
895,7.0,23562716.0
896,4.0,23556988.0
897,6.0,23509382.0
898,18.0,23456945.0
899,1.0,23144499.0
900,5.0,23103423.0
901,9.0,23086480.0
902,3.0,23032565.0
904,4.0,22955097.0
905,5.0,22866222.0
906,1.0,22852487.0
907,7.0,22518097.0
908,6.0,22414961.0
909,11.0,22257624.0
911,5.0,21845719.0
912,5.0,21811187.0
913,6.0,21591728.0
914,4.0,21567853.0
915,9.0,21458229.0
916,4.0,21437192.0
917,13.0,21392758.0
918,6.0,21386011.0
919,13.0,21288692.0
921,10.0,21202099.0
922,5.0,21006361.0
924,9.0,20931111.0
927,2.0,20578909.0
928,4.0,20419446.0
929,3.0,20240128.0
930,7.0,20208496.0
931,2.0,20047604.0
932,1.0,20005435.0
933,2.0,20000000.0
937,5.0,19745922.0
938,1.0,19740070.0
939,16.0,19726050.0
940,6.0,19478106.0
942,1.0,19422319.0
943,5.0,19288130.0
944,8.0,19202743.0
945,5.0,19161999.0
946,3.0,19131246.0
948,6.0,18937262.0
950,6.0,600788188.0
951,9.0,402111870.0
952,6.0,352390543.0
953,16.0,329694499.0
954,2.0,322719944.0
955,3.0,319246193.0
956,2.0,318412101.0
957,4.0,317101119.0
958,8.0,312433331.0
959,17.0,257730019.0
960,19.0,245439076.0
961,5.0,238736787.0
962,12.0,234760478.0
963,4.0,234280354.0
964,23.0,228778661.0
965,6.0,217631306.0
966,7.0,217581231.0
967,7.0,216391482.0
968,2.0,215434591.0
969,4.0,215409889.0
970,5.0,212222025.0
971,11.0,209397903.0
972,33.0,202359711.0
973,3.0,198351526.0
974,9.0,197171806.0
975,2.0,191204754.0
976,14.0,188020017.0
977,3.0,182811707.0
979,11.0,180981856.0
980,1.0,180010950.0
981,14.0,179870271.0
982,4.0,176781728.0
983,8.0,176654505.0
984,4.0,174803506.0
985,9.0,165249063.0
986,10.0,161317025.0
987,11.0,159978870.0
988,2.0,158348367.0
989,3.0,158119460.0
990,15.0,156645693.0
991,5.0,155019340.0
993,1.0,152257509.0
994,6.0,150201498.0
995,5.0,149260504.0
996,5.0,148415853.0
997,3.0,140464664.0
998,6.0,134029801.0
999,7.0,133698921.0
1000,9.0,131772187.0
1001,3.0,131168070.0
1002,3.0,129795554.0
1003,9.0,128152301.0
1004,7.0,128012934.0
1005,5.0,127509326.0
1006,4.0,127004179.0
1007,2.0,126631277.0
1008,4.0,125618201.0
1009,6.0,125168368.0
1010,6.0,123477607.0
1011,8.0,122523060.0
1012,5.0,122187717.0
1013,5.0,122012643.0
1014,1.0,121697323.0
1015,6.0,118907036.0
1016,4.0,118634549.0
1017,2.0,118594548.0
1018,6.0,117229692.0
1019,27.0,116900694.0
1020,7.0,116741558.0
1021,3.0,113502426.0
1022,1.0,112276146.0
1023,3.0,110515313.0
1026,7.0,108423489.0
1027,15.0,107918810.0
1028,4.0,106614059.0
1029,2.0,106397186.0
1030,4.0,106128601.0
1031,3.0,105813373.0
1032,3.0,105489203.0
1033,4.0,104028807.0
1034,30.0,103412758.0
1035,3.0,103365956.0
1036,3.0,102705852.0
1037,16.0,102003019.0
1038,1.0,101440743.0
1039,19.0,101200044.0
1041,7.0,100618344.0
1042,1.0,100494675.0
1043,5.0,95673607.0
1044,2.0,94213184.0
1045,10.0,93772375.0
1046,8.0,93617009.0
1047,9.0,92921203.0
1048,3.0,92027888.0
1049,3.0,91057006.0
1050,5.0,90404800.0
1051,3.0,88715192.0
1053,7.0,86058055.0
1054,5.0,85417988.0
1055,2.0,84752907.0
1056,7.0,83823381.0
1057,6.0,83453539.0
1058,4.0,83351587.0
1059,3.0,82985708.0
1060,1.0,82670733.0
1061,2.0,82280579.0
1062,5.0,82258456.0
1063,12.0,81640278.0
1064,6.0,81298265.0
1066,7.0,81022101.0
1067,7.0,80936232.0
1068,6.0,80818974.0
1069,2.0,80209692.0
1070,1.0,80197993.0
1071,9.0,80070736.0
1072,2.0,80048433.0
1073,9.0,80035402.0
1074,4.0,79817937.0
1076,9.0,78868508.0
1077,5.0,78756177.0
1078,6.0,78122718.0
1079,7.0,77591831.0
1080,2.0,76507756.0
1082,4.0,76270454.0
1083,3.0,75671125.0
1084,17.0,75609945.0
1086,5.0,74494381.0
1087,1.0,74078174.0
1088,5.0,73864507.0
1089,1.0,73034460.0
1090,3.0,73026337.0
1091,6.0,73013910.0
1092,1.0,72778712.0
1094,5.0,71440011.0
1095,4.0,71195053.0
1096,3.0,71107711.0
1097,6.0,70662220.0
1098,2.0,70334258.0
1099,7.0,70278893.0
1100,2.0,70187658.0
1101,10.0,70136369.0
1102,5.0,68706993.0
1103,7.0,67264877.0
1104,4.0,66818548.0
1105,7.0,66666062.0
1106,1.0,65660196.0
1107,4.0,65500000.0
1108,11.0,64892670.0
1109,3.0,64665672.0
1110,1.0,64255312.0
1111,2.0,64186502.0
1113,6.0,63118386.0
1114,2.0,61363304.0
1115,1.0,61335230.0
1116,8.0,60864870.0
1117,5.0,60527873.0
1118,8.0,60328558.0
1119,2.0,60020107.0
1120,7.0,59650222.0
1121,1.0,59484742.0
1122,1.0,58169327.0
1123,13.0,57469467.0
1124,8.0,56631572.0
1125,4.0,56618055.0
1126,7.0,56116183.0
1127,7.0,55703475.0
1128,1.0,55591409.0
1129,6.0,54766923.0
1130,5.0,53900335.0
1131,4.0,53790451.0
1132,1.0,53672080.0
1133,6.0,53412862.0
1134,8.0,53261944.0
1135,2.0,52898073.0
1136,11.0,52894169.0
1137,2.0,52614445.0
1139,17.0,52067561.0
1140,4.0,52037603.0
1141,2.0,51401758.0
1143,19.0,50577412.0
1144,13.0,50504655.0
1145,3.0,50159144.0
1146,16.0,49875291.0
1147,2.0,49823037.0
1148,5.0,49797148.0
1149,10.0,49530280.0
1150,14.0,48919043.0
1151,2.0,48197805.0
1152,6.0,47542841.0
1153,5.0,47003582.0
1154,2.0,46918287.0
1155,3.0,46576136.0
1156,7.0,46212055.0
1157,4.0,45916769.0
1159,1.0,45172250.0
1160,6.0,44999621.0
1161,5.0,44527234.0
1162,3.0,44364244.0
1163,8.0,44114232.0
1164,3.0,43254409.0
1165,8.0,43046003.0
1166,2.0,43001500.0
1167,4.0,43000000.0
1169,6.0,41675994.0
1170,2.0,41230799.0
1171,1.0,41076018.0
1172,9.0,40471663.0
1173,6.0,40382659.0
1176,2.0,39754601.0
1177,2.0,39491975.0
1178,2.0,39402572.0
1179,4.0,38634938.0
1180,8.0,38619405.0
1181,3.0,38399961.0
1184,2.0,37762677.0
1185,9.0,37134215.0
1186,2.0,36989956.0
1187,6.0,36787257.0
1189,3.0,36605602.0
1190,5.0,36489888.0
1191,1.0,36300000.0
1192,3.0,36000000.0
1193,8.0,35659098.0
1194,12.0,35656131.0
1195,6.0,35649012.0
1198,7.0,34326249.0
1199,1.0,33956608.0
1200,8.0,33741133.0
1201,1.0,33602376.0
1202,2.0,33080084.0
1204,1.0,32868349.0
1205,4.0,32862104.0
1206,4.0,32786074.0
1207,5.0,32679899.0
1208,10.0,32462372.0
1209,5.0,32417995.0
1210,2.0,32235793.0
1211,2.0,32211330.0
1212,5.0,32078318.0
1213,2.0,32010860.0
1214,8.0,31853080.0
1215,2.0,31720158.0
1216,3.0,31186896.0
1217,2.0,30985352.0
1218,1.0,30636478.0
1219,1.0,30503151.0
1220,2.0,30331165.0
1221,1.0,30250745.0
1222,4.0,29916207.0
1224,3.0,29381494.0
1225,9.0,29200000.0
1226,3.0,28735315.0
1227,1.0,28544120.0
1229,2.0,28176497.0
1230,7.0,27734391.0
1231,3.0,27634716.0
1232,5.0,27476252.0
1234,5.0,26877589.0
1235,3.0,26850426.0
1236,6.0,26673242.0
1237,12.0,26570048.0
1238,1.0,26381221.0
1239,1.0,26255594.0
1240,12.0,26105286.0
1241,2.0,26079312.0
1242,10.0,26010864.0
1244,4.0,25662155.0
1245,2.0,25635682.0
1246,2.0,25477365.0
1247,1.0,25326071.0
1248,7.0,25317291.0
1249,3.0,25314189.0
1250,2.0,25198598.0
1251,1.0,25059640.0
1252,3.0,24689703.0
1253,7.0,24047675.0
1254,4.0,23712993.0
1255,2.0,23671186.0
1256,1.0,23369283.0
1257,6.0,23070663.0
1258,7.0,22773535.0
1259,7.0,22743674.0
1260,1.0,22738671.0
1261,4.0,22512655.0
1262,10.0,22490039.0
1263,13.0,22348241.0
1264,1.0,22026369.0
1265,11.0,22000000.0
1267,4.0,21722776.0
1268,8.0,21709020.0
1269,4.0,21440752.0
1271,8.0,21355893.0
1272,17.0,21274717.0
1273,8.0,20766616.0
1274,6.0,20563273.0
1275,6.0,20458340.0
1276,5.0,20324096.0
1277,6.0,20240502.0
1278,2.0,20146880.0
1279,13.0,19885552.0
1280,2.0,19870567.0
1281,19.0,19751736.0
1282,3.0,19739575.0
1283,8.0,19652638.0
1284,3.0,19481943.0
1286,1.0,19393557.0
1287,6.0,19265302.0
1290,6.0,19145198.0
1291,2.0,19104350.0
1292,5.0,19032261.0
1293,1.0,18912328.0
1295,13.0,18553948.0
1296,2.0,18450127.0
1297,9.0,18389402.0
1298,1.0,18306166.0
1299,3.0,18211013.0
1300,11.0,18137661.0
1301,68.0,17654912.0
1302,1.0,17519169.0
1303,3.0,17432844.0
1304,11.0,17323326.0
1306,1.0,16930185.0
1308,4.0,16820893.0
1309,1.0,16797191.0
1311,7.0,16324573.0
1312,5.0,16316273.0
1313,7.0,16311571.0
1314,1.0,16274150.0
1315,7.0,16123323.0
1316,5.0,16031707.0
1318,3.0,15700729.0
1321,11.0,15171476.0
1322,1.0,15122324.0
1323,4.0,15064946.0
1324,2.0,14990582.0
1325,2.0,14902041.0
1326,5.0,14867086.0
1327,8.0,14812144.0
1328,3.0,14796494.0
1329,6.0,14717854.0
1330,6.0,14715067.0
1331,6.0,14643997.0
1332,3.0,14587732.0
1333,2.0,14560084.0
1334,1.0,14500000.0
1335,36.0,424668047.0
1336,8.0,408010692.0
1337,17.0,337135885.0
1338,9.0,292324737.0
1339,9.0,150947895.0
1340,1.0,119194771.0
1341,25.0,117723989.0
1343,8.0,103068524.0
1345,1.0,87039965.0
1346,7.0,85028192.0
1347,5.0,80238724.0
1348,7.0,66380662.0
1350,4.0,63300095.0
1355,5.0,56746769.0
1356,2.0,55389516.0
1358,2.0,55185045.0
1359,2.0,54580300.0
1360,3.0,53606916.0
1362,21.0,53262560.0
1363,27.0,52543354.0
1364,2.0,52075270.0
1369,9.0,49130154.0
1370,7.0,48071303.0
1372,10.0,47326473.0
1373,4.0,44467206.0
1375,9.0,42930462.0
1376,2.0,42754105.0
1377,4.0,42073277.0
1379,7.0,41152203.0
1380,4.0,41034350.0
1381,36.0,39322544.0
1382,3.0,37729698.0
1384,8.0,35074677.0
1386,2.0,35017297.0
1387,20.0,33637582.0
1388,10.0,32244051.0
1389,2.0,31715062.0
1391,1.0,31273922.0
1392,4.0,30652890.0
1393,1.0,30610863.0
1394,4.0,30101577.0
1395,2.0,30060660.0
1396,6.0,28842237.0
1397,4.0,28544157.0
1398,2.0,28444855.0
1399,1.0,27838408.0
1400,1.0,27693292.0
1401,6.0,26414527.0
1402,2.0,26024456.0
1403,7.0,25888412.0
1405,22.0,25135965.0
1406,6.0,25107267.0
1407,1.0,24540079.0
1408,7.0,24307086.0
1409,2.0,24149632.0
1410,11.0,24077427.0
1411,1.0,22486409.0
1412,4.0,21819348.0
1413,1.0,21158188.0
1414,7.0,21148651.0
1415,1.0,20534907.0
1416,4.0,19806188.0
1418,17.0,19075290.0
1419,6.0,19019882.0
1420,17.0,18848538.0
1421,5.0,18848430.0
1422,6.0,18620000.0
1424,9.0,17742948.0
1425,6.0,17609452.0
1426,8.0,17390770.0
1427,8.0,17142080.0
1428,5.0,17044981.0
1429,1.0,16734283.0
1430,1.0,16124543.0
1433,5.0,15680099.0
1434,1.0,15589393.0
1435,5.0,15298133.0
1436,5.0,15070285.0
1437,1.0,15032800.0
1439,1.0,14444502.0
1440,7.0,14379751.0
1441,4.0,14190901.0
1442,4.0,14161590.0
1443,3.0,13684249.0
1444,7.0,13657115.0
1445,11.0,13414714.0
1446,1.0,13011160.0
1447,19.0,12634962.0
1448,6.0,12251640.0
1449,7.0,12050299.0
1450,3.0,11814019.0
1451,7.0,11682205.0
1452,14.0,11670971.0
1453,3.0,10223896.0
1455,6.0,10010209.0
1456,4.0,9495408.0
1459,5.0,8293784.0
1460,4.0,8291572.0
1461,1.0,8130530.0
1462,6.0,8050977.0
1463,13.0,7696134.0
1464,4.0,7371706.0
1465,5.0,6532619.0
1466,7.0,6451628.0
1467,6.0,6382924.0
1468,2.0,6330054.0
1471,4.0,5909483.0
1472,1.0,5842961.0
1473,8.0,5571497.0
1475,2.0,4623189.0
1477,10.0,4571521.0
1478,4.0,4222923.0
1479,4.0,4161625.0
1481,15.0,4059680.0
1483,5.0,3763583.0
1484,14.0,3681066.0
1490,5.0,3310031.0
1491,5.0,3209481.0
1493,6.0,3165544.0
1497,5.0,3050532.0
1498,25.0,3033623.0
1499,5.0,2850357.0
1501,2.0,2609412.0
1503,15.0,2375097.0
1504,18.0,2372744.0
1505,2.0,2229058.0
1507,12.0,2205627.0
1508,10.0,2106838.0
1511,3.0,1647083.0
1515,1.0,1361512.0
1517,14.0,1315701.0
1519,2.0,1237615.0
1520,12.0,1189612.0
1522,2.0,1069318.0
1523,6.0,1066748.0
1524,17.0,1060512.0
1527,6.0,1044143.0
1528,4.0,1032075.0
1530,21.0,1024640.0
1531,5.0,1022324.0
1533,5.0,1015122.0
1534,1.0,950675.0
1535,1.0,941414.0
1539,8.0,792200.0
1542,2.0,626164.0
1544,18.0,591165.0
1545,11.0,551281.0
1547,2.0,539879.0
1548,1.0,536825.0
1550,4.0,517872.0
1552,29.0,494608.0
1553,5.0,490475.0
1554,3.0,480811.0
1555,4.0,426880.0
1560,8.0,316319.0
1563,7.0,307233.0
1565,7.0,288552.0
1567,4.0,268254.0
1568,3.0,266967.0
1570,1.0,263192.0
1571,7.0,260562.0
1573,7.0,238609.0
1574,3.0,206272.0
1576,19.0,201275.0
1577,11.0,201149.0
1578,6.0,180237.0
1579,1.0,173472.0
1580,14.0,164308.0
1582,1.0,160276.0
1584,1.0,152322.0
1586,12.0,150277.0
1587,1.0,146750.0
1595,8.0,87626.0
1596,11.0,84733.0
1600,8.0,75076.0
1602,10.0,59989.0
1605,5.0,52819.0
1609,11.0,41196.0
1610,1.0,36849.0
1611,1.0,33543.0
1619,2.0,15927.0
1621,6.0,14328.0
1626,6.0,403706375.0
1627,7.0,373585825.0
1628,6.0,336530303.0
1629,9.0,304360277.0
1630,10.0,262030663.0
1631,6.0,250690539.0
1632,9.0,229242989.0
1633,5.0,227946274.0
1634,7.0,217536138.0
1635,10.0,204843345.0
1637,19.0,191719337.0
1638,7.0,190418803.0
1639,5.0,179495555.0
1641,1.0,177200000.0
1642,6.0,172956409.0
1643,8.0,168368427.0
1644,8.0,167445960.0
1645,11.0,166112167.0
1646,8.0,163566459.0
1647,5.0,163479795.0
1648,10.0,162001186.0
1649,12.0,153952592.0
1651,32.0,150117807.0
1652,6.0,148478011.0
1653,8.0,148313048.0
1654,8.0,148213377.0
1655,13.0,146336178.0
1656,15.0,142614158.0
1657,6.0,142109382.0
1658,9.0,141340178.0
1659,18.0,140088813.0
1660,2.0,140035367.0
1661,6.0,138608444.0
1662,10.0,138447667.0
1663,7.0,137355633.0
1664,6.0,136314294.0
1665,4.0,135645823.0
1666,31.0,133668525.0
1668,2.0,127120029.0
1669,10.0,126680884.0
1670,4.0,126293452.0
1671,6.0,125305545.0
1672,13.0,125014030.0
1673,6.0,124870275.0
1674,1.0,124728738.0
1675,6.0,124033791.0
1676,5.0,121463226.0
1677,4.0,120908074.0
1679,1.0,119654823.0
1680,7.0,119394840.0
1681,11.0,119219978.0
1682,22.0,118311368.0
1683,11.0,117727224.0
1684,1.0,116934650.0
1685,13.0,116395460.0
1686,4.0,115802596.0
1687,6.0,115646235.0
1689,6.0,113330342.0
1691,2.0,110359362.0
1692,4.0,110332737.0
1693,8.0,108638745.0
1694,6.0,107533928.0
1695,7.0,107100855.0
1696,4.0,106260000.0
1697,5.0,104297061.0
1698,18.0,103028109.0
1699,14.0,102515793.0
1700,12.0,102314823.0
1701,12.0,101530738.0
1702,17.0,101470202.0
1703,11.0,101300000.0
1704,6.0,100830111.0
1705,18.0,100475249.0
1706,6.0,100468793.0
1707,17.0,100292856.0
1708,4.0,100018837.0
1709,18.0,98780042.0
1710,7.0,96962694.0
1711,6.0,96397334.0
1712,10.0,95720716.0
1714,8.0,94095523.0
1715,5.0,94011225.0
1716,7.0,93607673.0
1717,22.0,93050117.0
1718,13.0,92823546.0
1719,12.0,91547205.0
1720,17.0,91443253.0
1721,5.0,91137662.0
1722,11.0,90815558.0
1723,5.0,88915214.0
1724,6.0,87341380.0
1725,12.0,85297000.0
1726,8.0,85105259.0
1727,13.0,84049211.0
1728,13.0,83552429.0
1729,6.0,82674398.0
1731,6.0,82226474.0
1732,3.0,81159365.0
1733,6.0,80574010.0
1734,12.0,80360843.0
1735,8.0,80014842.0
1736,6.0,78031620.0
1737,9.0,77446440.0
1738,8.0,75605492.0
1739,9.0,75590286.0
1740,4.0,75072454.0
1741,7.0,74787599.0
1742,12.0,74158157.0
1743,4.0,73780539.0
1744,11.0,73661010.0
1745,6.0,73209340.0
1747,16.0,72586134.0
1748,5.0,72266306.0
1750,12.0,71726025.0
1751,22.0,71017784.0
1752,18.0,70906973.0
1753,3.0,70831760.0
1754,8.0,69951824.0
1755,6.0,69243859.0
1756,5.0,68915888.0
1757,4.0,68518533.0
1758,8.0,68261644.0
1759,10.0,67631157.0
1760,1.0,67133509.0
1761,7.0,67061228.0
1762,7.0,66809693.0
1763,10.0,66638883.0
1764,9.0,66486205.0
1765,8.0,65885767.0
1766,24.0,65807024.0
1767,8.0,65452312.0
1768,24.0,65182182.0
1769,12.0,65002597.0
1770,3.0,64956806.0
1771,13.0,64460211.0
1772,5.0,63860942.0
1773,6.0,63820180.0
1774,7.0,63313159.0
1775,8.0,63224849.0
1776,11.0,62321039.0
1777,9.0,62318875.0
1778,3.0,61801971.0
1779,6.0,61489265.0
1780,5.0,61356221.0
1781,8.0,61276872.0
1782,7.0,60522097.0
1784,15.0,60240295.0
1785,7.0,60128566.0
1786,11.0,60079496.0
1787,9.0,59843754.0
1788,2.0,59623958.0
1789,8.0,59489799.0
1790,9.0,58972904.0
1791,5.0,58867694.0
1792,17.0,58853106.0
1793,3.0,58645052.0
1794,11.0,58401464.0
1795,6.0,58203105.0
1796,13.0,57744720.0
1797,8.0,57743062.0
1798,6.0,57504069.0
1799,6.0,57490508.0
1800,6.0,57231747.0
1801,12.0,57059003.0
1802,2.0,56666667.0
1803,4.0,56569702.0
1804,7.0,56359780.0
1805,5.0,56342711.0
1806,11.0,55802754.0
1807,2.0,54814377.0
1809,19.0,54215416.0
1811,11.0,52767889.0
1812,18.0,52543632.0
1813,5.0,52333738.0
1814,15.0,52287414.0
1815,7.0,52159536.0
1816,5.0,52096475.0
1817,8.0,52000000.0
1818,6.0,51970690.0
1819,8.0,51872378.0
1820,5.0,51804714.0
1821,13.0,51774002.0
1822,9.0,51718367.0
1823,9.0,51201453.0
1824,10.0,50727965.0
1825,5.0,50648679.0
1826,12.0,50083616.0
1827,4.0,50068310.0
1828,7.0,50016394.0
1829,5.0,49662533.0
1830,6.0,49407734.0
1831,2.0,49121934.0
1832,8.0,49114016.0
1833,3.0,48237389.0
1834,4.0,48022900.0
1835,9.0,48017402.0
1836,15.0,47951979.0
1837,3.0,47852604.0
1838,6.0,47789074.0
1839,3.0,47346365.0
1840,11.0,47118057.0
1841,12.0,46982632.0
1842,7.0,46908987.0
1843,6.0,46464023.0
1844,14.0,46462469.0
1845,10.0,46405336.0
1846,4.0,46012734.0
1847,11.0,45802315.0
1848,9.0,45290318.0
1849,2.0,45000000.0
1850,5.0,43995918.0
1851,4.0,43984230.0
1852,9.0,43905746.0
1853,20.0,43853424.0
1854,7.0,43734876.0
1856,9.0,43440294.0
1857,9.0,43337279.0
1858,12.0,43182776.0
1859,5.0,42868348.0
1860,7.0,42726869.0
1861,5.0,42345531.0
1862,6.0,42313354.0
1863,6.0,42194060.0
1864,1.0,42160849.0
1865,6.0,41909762.0
1866,4.0,41895491.0
1867,10.0,41382841.0
1868,7.0,41083864.0
1869,6.0,40962534.0
1871,5.0,40716963.0
1872,13.0,40697761.0
1873,6.0,40660952.0
1874,8.0,40491165.0
1875,5.0,40388794.0
1876,7.0,40363810.0
1877,4.0,40227006.0
1878,12.0,40168080.0
1879,4.0,40119709.0
1880,12.0,40050884.0
1881,5.0,40007742.0
1882,6.0,40002112.0
1883,5.0,39568996.0
1884,10.0,39440655.0
1885,6.0,39263506.0
1886,6.0,39143839.0
1887,4.0,39071603.0
1890,11.0,38702310.0
1891,15.0,38543473.0
1892,5.0,38432823.0
1893,8.0,38328567.0
1894,11.0,38290723.0
1895,6.0,38252284.0
1897,5.0,38072438.0
1898,6.0,37957682.0
1899,14.0,37939757.0
1900,5.0,37931869.0
1901,8.0,37803872.0
1902,5.0,37600435.0
1903,11.0,37495385.0
1904,15.0,37300107.0
1905,9.0,37295394.0
1906,5.0,37170488.0
1907,11.0,37053924.0
1908,12.0,36931089.0
1909,19.0,36665854.0
1910,6.0,36663315.0
1911,4.0,36381186.0
1912,15.0,36299898.0
1913,2.0,36299720.0
1914,6.0,36050230.0
1915,6.0,35922978.0
1916,5.0,35746370.0
1917,12.0,35431113.0
1918,4.0,35374833.0
1919,16.0,35266619.0
1920,1.0,35208854.0
1921,15.0,35000000.0
1922,10.0,34994648.0
1923,6.0,34901614.0
1924,5.0,34604280.0
1925,19.0,34522221.0
1926,6.0,34416893.0
1927,11.0,34377585.0
1929,5.0,33987757.0
1930,1.0,33561137.0
1931,14.0,33459416.0
1932,9.0,33300000.0
1933,5.0,33177694.0
1934,20.0,33109743.0
1935,4.0,32551396.0
1936,4.0,32324557.0
1937,15.0,32255440.0
1938,7.0,32238923.0
1939,7.0,32192570.0
1940,6.0,32131830.0
1941,3.0,32116746.0
1942,2.0,31753898.0
1943,6.0,31691811.0
1944,2.0,31502583.0
1945,5.0,31487293.0
1946,5.0,31480418.0
1948,6.0,31121710.0
1949,5.0,31053601.0
1950,8.0,31051126.0
1951,5.0,30940691.0
1952,4.0,30867525.0
1953,19.0,30577122.0
1954,15.0,30524763.0
1956,8.0,30212620.0
1957,6.0,30165536.0
1958,5.0,30147739.0
1959,13.0,30127963.0
1960,7.0,30102717.0
1961,1.0,29967750.0
1962,6.0,29760152.0
1963,5.0,29580087.0
1964,5.0,29481428.0
1965,2.0,29342592.0
1967,2.0,29133000.0
1968,5.0,29077547.0
1969,14.0,28912646.0
1970,16.0,28873374.0
1972,15.0,28744356.0
1973,2.0,28734552.0
1974,4.0,28687835.0
1975,2.0,28563179.0
1976,17.0,28341469.0
1977,10.0,27804899.0
1978,8.0,27515786.0
1979,4.0,27457409.0
1980,15.0,27300000.0
1981,4.0,27250736.0
1982,6.0,27200000.0
1983,7.0,27187653.0
1984,2.0,27087695.0
1985,8.0,27058304.0
1986,4.0,27011180.0
1987,5.0,27007143.0
1988,5.0,26873932.0
1989,15.0,26828365.0
1990,5.0,26814957.0
1991,5.0,26793311.0
1992,6.0,26118851.0
1994,9.0,25792310.0
1995,12.0,25754284.0
1996,2.0,25627836.0
1997,5.0,25605015.0
1998,8.0,25534703.0
1999,2.0,25524778.0
2000,7.0,25450527.0
2001,15.0,25405445.0
2002,10.0,25143818.0
2003,5.0,25068724.0
2004,10.0,24922237.0
2005,17.0,24819936.0
2006,7.0,24756177.0
2007,4.0,24718164.0
2008,6.0,24397469.0
2009,2.0,24361867.0
2010,35.0,368061265.0
2012,11.0,357067947.0
2013,4.0,279261160.0
2014,5.0,260044825.0
2015,16.0,260000000.0
2016,6.0,255156380.0
2017,7.0,251513985.0
2018,2.0,242829261.0
2020,2.0,229086679.0
2021,6.0,227471070.0
2022,9.0,218815487.0
2023,11.0,214030500.0
2024,17.0,210609762.0
2025,8.0,209837675.0
2026,9.0,202019785.0
2027,1.0,181410615.0
2028,5.0,181171875.0
2029,6.0,176241941.0
2030,8.0,172071312.0
2031,4.0,170742341.0
2032,11.0,169106725.0
2033,6.0,166244045.0
2034,15.0,165807055.0
2035,9.0,156000000.0
2036,9.0,155332381.0
2037,9.0,155064265.0
2039,4.0,148768917.0
2040,7.0,148438600.0
2041,8.0,145103595.0
2042,8.0,144533925.0
2043,6.0,144130063.0
2044,6.0,135026902.0
2045,6.0,134938200.0
2046,5.0,134806913.0
2047,6.0,134508551.0
2048,8.0,134506920.0
2049,6.0,132177234.0
2050,4.0,130531208.0
2051,4.0,130164645.0
2052,7.0,128814019.0
2053,6.0,127154901.0
2054,5.0,126737428.0
2055,16.0,126663600.0
2056,8.0,126373434.0
2057,5.0,125595205.0
2058,17.0,125095601.0
2060,5.0,120277854.0
2061,7.0,120177084.0
2063,4.0,120059556.0
2064,1.0,119285432.0
2065,3.0,118703275.0
2067,3.0,116750901.0
2068,5.0,116089678.0
2069,17.0,115637895.0
2070,11.0,115000000.0
2071,8.0,113203870.0
2072,6.0,112735375.0
2073,8.0,111938388.0
2074,2.0,109449237.0
2075,3.0,109204945.0
2076,13.0,108085305.0
2077,6.0,104565114.0
2078,6.0,102561004.0
2079,5.0,102491776.0
2081,4.0,100489151.0
2082,5.0,100462298.0
2083,8.0,100328194.0
2085,4.0,100047830.0
2086,9.0,97104620.0
2087,14.0,96065768.0
2088,5.0,93149898.0
2089,17.0,92168600.0
2090,3.0,91457688.0
2091,4.0,91047077.0
2092,13.0,89107235.0
2093,4.0,88513495.0
2094,10.0,88246220.0
2095,4.0,88097164.0
2096,9.0,87727583.0
2097,5.0,87071205.0
2099,7.0,82418501.0
2100,6.0,79666653.0
2101,1.0,79091969.0
2102,13.0,78046570.0
2103,8.0,77868585.0
2104,5.0,77737272.0
2105,3.0,77122415.0
2106,5.0,75986503.0
2107,5.0,75793305.0
2108,4.0,75628110.0
2109,36.0,75612460.0
2110,6.0,75331600.0
2111,3.0,73691419.0
2112,5.0,72708161.0
2113,21.0,71962800.0
2114,8.0,71628180.0
2115,7.0,70978012.0
2116,21.0,70525195.0
2117,9.0,70001698.0
2118,7.0,69701637.0
2119,3.0,68379000.0
2120,9.0,67544505.0
2121,4.0,67294270.0
2122,7.0,67182787.0
2123,1.0,67127760.0
2125,6.0,66889043.0
2126,13.0,66758538.0
2127,2.0,66661095.0
2128,8.0,66528000.0
2129,4.0,66518655.0
2130,3.0,66384775.0
2131,1.0,66132626.0
2132,9.0,65422625.0
2133,8.0,65001093.0
2134,24.0,64473115.0
2135,10.0,64431625.0
2136,1.0,63886029.0
2137,9.0,63658910.0
2138,6.0,63450470.0
2139,5.0,63172463.0
2140,6.0,63095253.0
2141,5.0,62658220.0
2142,4.0,62514415.0
2143,10.0,62495645.0
2144,4.0,62362560.0
2145,7.0,61979680.0
2146,5.0,61649911.0
2147,2.0,61255921.0
2148,9.0,60974475.0
2149,3.0,60494212.0
2151,4.0,59952835.0
2152,5.0,59696144.0
2153,5.0,59020957.0
2154,1.0,58883840.0
2155,8.0,58571513.0
2156,6.0,58500635.0
2157,6.0,58422650.0
2158,2.0,58360760.0
2159,4.0,57761012.0
2160,1.0,57387516.0
2161,7.0,57229890.0
2163,5.0,57114049.0
2164,13.0,57011521.0
2165,6.0,56386759.0
2166,8.0,56280355.0
2167,6.0,54930280.0
2168,2.0,53470891.0
2169,6.0,53443066.0
2170,7.0,52842724.0
2171,10.0,52125282.0
2172,2.0,51855045.0
2173,4.0,51432691.0
2174,8.0,51367375.0
2175,7.0,50877145.0
2176,12.0,50856010.0
2177,7.0,50699241.0
2178,7.0,50612888.0
2179,6.0,50427646.0
2180,5.0,50338485.0
2181,5.0,49851591.0
2182,5.0,49438370.0
2183,5.0,48979328.0
2184,11.0,48475290.0
2185,1.0,48462608.0
2186,5.0,48360547.0
2187,12.0,48230162.0
2188,11.0,48092846.0
2189,6.0,47907715.0
2190,6.0,47726342.0
2191,5.0,47536778.0
2192,7.0,47483002.0
2193,3.0,47403685.0
2194,9.0,47382068.0
2195,7.0,47144110.0
2196,7.0,46816343.0
2197,14.0,45875171.0
2198,2.0,45806659.0
2199,6.0,45517055.0
2200,15.0,44853581.0
2201,16.0,44668798.0
2202,5.0,44619100.0
2203,11.0,43858790.0
2204,1.0,43247647.0
2205,1.0,43184798.0
2206,13.0,43139300.0
2207,7.0,42674040.0
2208,8.0,42670410.0
2209,8.0,42512375.0
2210,5.0,42436517.0
2211,6.0,42100625.0
2214,3.0,41455230.0
2215,3.0,41385278.0
2216,6.0,40833132.0
2218,7.0,40577001.0
2219,4.0,40572825.0
2220,3.0,40390647.0
2221,4.0,40226215.0
2222,3.0,39565475.0
2223,2.0,39089928.0
2224,1.0,39001187.0
2225,2.0,38824341.0
2226,19.0,38824099.0
2227,7.0,38413606.0
2228,12.0,38362475.0
2229,4.0,37562568.0
2230,4.0,37499651.0
2231,12.0,37412945.0
2232,5.0,37327390.0
2233,14.0,37081475.0
2234,7.0,37017955.0
2235,10.0,36948322.0
2236,11.0,36763355.0
2237,12.0,36601993.0
2238,3.0,36474193.0
2239,4.0,36403064.0
2240,6.0,36323505.0
2241,4.0,36316032.0
2242,7.0,35787686.0
2243,5.0,35739802.0
2244,13.0,35608245.0
2245,5.0,35552383.0
2246,11.0,35423380.0
2247,4.0,35327628.0
2249,3.0,35268275.0
2250,2.0,35188640.0
2251,2.0,35150960.0
2252,14.0,35113743.0
2253,7.0,35053660.0
2254,5.0,35046120.0
2256,6.0,34607430.0
2257,4.0,34102780.0
2258,2.0,34002045.0
2259,7.0,33878502.0
2260,22.0,33618855.0
2261,7.0,33601190.0
2263,8.0,33423521.0
2264,4.0,33302167.0
2265,2.0,33231264.0
2266,3.0,33023469.0
2267,11.0,32945797.0
2268,4.0,32935289.0
2269,6.0,32589677.0
2270,5.0,32547800.0
2271,4.0,32482682.0
2272,1.0,32383850.0
2273,5.0,32241649.0
2274,4.0,32063435.0
2276,8.0,31755742.0
2277,8.0,31726995.0
2278,2.0,31642995.0
2279,10.0,31524275.0
2280,1.0,31483450.0
2281,5.0,31373938.0
2282,7.0,31261269.0
2283,3.0,31206251.0
2284,9.0,31184024.0
2285,7.0,31178740.0
2286,5.0,31162545.0
2287,6.0,31042035.0
2288,10.0,30925690.0
2289,17.0,30703100.0
2290,16.0,30565292.0
2291,4.0,30356793.0
2292,6.0,30323400.0
2293,5.0,30308417.0
2294,5.0,30036000.0
2295,8.0,29762011.0
2296,8.0,29760613.0
2297,15.0,29412050.0
2298,5.0,29011215.0
2299,3.0,28946615.0
2300,8.0,28890240.0
2301,10.0,28835528.0
2303,6.0,28733290.0
2304,9.0,28501605.0
2306,3.0,28411210.0
2307,5.0,28212337.0
2308,5.0,28082366.0
2309,5.0,28000000.0
2310,2.0,27545445.0
2311,6.0,27118000.0
2312,11.0,27107960.0
2313,6.0,27100031.0
2314,9.0,27092880.0
2317,5.0,26307600.0
2319,5.0,25918920.0
2320,2.0,25895485.0
2321,10.0,25588734.0
2322,6.0,25543895.0
2323,11.0,25533818.0
2324,5.0,25514517.0
2325,5.0,25486040.0
2326,6.0,25104700.0
2327,13.0,25096862.0
2328,6.0,24720479.0
2329,11.0,24707633.0
2330,7.0,24204154.0
2331,1.0,24078196.0
2332,16.0,23834048.0
2333,10.0,23686027.0
2334,5.0,23600020.0
2336,1.0,23245840.0
2337,10.0,23209310.0
2338,9.0,23091010.0
2339,6.0,22991379.0
2340,6.0,22965110.0
2341,1.0,22827153.0
2342,4.0,22762571.0
2343,4.0,22641969.0
2344,4.0,22545080.0
2345,4.0,22431897.0
2346,8.0,22166041.0
2347,5.0,22103037.0
2349,7.0,21596445.0
2350,16.0,21576954.0
2352,3.0,21456130.0
2353,10.0,21393620.0
2354,6.0,21370057.0
2356,11.0,21302340.0
2357,6.0,21142815.0
2359,9.0,21049053.0
2360,5.0,20982557.0
2361,7.0,20883046.0
2362,5.0,20831000.0
2365,7.0,20378470.0
2366,21.0,20350171.0
2367,5.0,20305841.0
2368,5.0,20280016.0
2369,8.0,20259961.0
2370,1.0,20246790.0
2371,12.0,20157300.0
2372,4.0,20080020.0
2373,3.0,19955598.0
2375,18.0,19629760.0
2377,10.0,19595031.0
2378,1.0,19176754.0
2379,6.0,19103072.0
2380,5.0,18622031.0
2381,1.0,18319860.0
2382,3.0,18196170.0
2383,6.0,17953778.0
2384,5.0,17600423.0
2385,1.0,17530973.0
2386,8.0,17487531.0
2387,2.0,17460020.0
2388,4.0,17450535.0
2389,16.0,17355263.0
2390,25.0,17223265.0
2391,12.0,17080167.0
2393,2.0,17001133.0
2394,1.0,16928556.0
2395,3.0,16809076.0
2396,9.0,83504017.0
2397,14.0,79249455.0
2398,9.0,71349120.0
2399,7.0,70012847.0
2401,19.0,55750480.0
2402,16.0,38934842.0
2403,28.0,36918811.0
2404,7.0,31611916.0
2405,18.0,30697999.0
2406,21.0,27695246.0
2407,12.0,26766213.0
2408,13.0,26501323.0
2409,7.0,25682380.0
2410,11.0,25430755.0
2411,20.0,25018119.0
2412,11.0,24827228.0
2413,25.0,24477704.0
2414,16.0,21479118.0
2415,13.0,20396829.0
2416,8.0,18942396.0
2417,7.0,15013650.0
2418,16.0,14618727.0
2419,13.0,11330849.0
2420,8.0,8840453.0
2421,24.0,7385015.0
2422,3.0,6928068.0
2423,9.0,5666340.0
2424,15.0,1124445.0
2425,16.0,538690.0
2426,6.0,45585.0
2427,19.0,21590086.0
2428,15.0,17237855.0
2429,7.0,11538204.0
2431,1.0,7919574.0
2432,1.0,7251073.0
2433,4.0,6531503.0
2434,24.0,6263670.0
2435,4.0,5354039.0
2436,21.0,5284309.0
2437,6.0,5101237.0
2438,8.0,4404154.0
2439,17.0,4328849.0
2440,2.0,4157223.0
2442,11.0,3494070.0
2443,5.0,3346265.0
2444,2.0,3014696.0
2445,6.0,2963902.0
2446,7.0,2711643.0
2447,34.0,2507201.0
2448,5.0,2266905.0
2449,7.0,2171257.0
2450,2.0,2107925.0
2451,1.0,2037459.0
2453,4.0,1475746.0
2454,19.0,1378591.0
2455,16.0,1359910.0
2456,8.0,1223516.0
2457,15.0,1065881.0
2459,7.0,1029655.0
2460,5.0,898786.0
2461,1.0,883887.0
2462,10.0,870781.0
2463,1.0,857005.0
2465,5.0,666045.0
2466,7.0,637421.0
2467,4.0,595018.0
2468,9.0,575048.0
2469,10.0,568662.0
2471,2.0,454121.0
2472,17.0,444179.0
2473,3.0,411184.0
2474,15.0,373375.0
2475,6.0,353513.0
2477,21.0,347578.0
2478,13.0,304533.0
2479,27.0,265452.0
2480,7.0,258223.0
2481,10.0,214307.0
2482,5.0,189621.0
2484,7.0,164247.0
2487,12.0,104526.0
2488,5.0,100688.0
2492,5.0,65018.0
2494,5.0,46488.0
2496,16.0,42472.0
2498,5.0,38898.0
2499,3.0,36895.0
2501,4.0,30668.0
2503,4.0,22464.0
2505,12.0,22029.0
2506,3.0,21886.0
2507,18.0,15071.0
2508,7.0,14693.0
2509,8.0,6255.0
2511,20.0,64251541.0
2512,8.0,51580236.0
2514,7.0,40041683.0
2515,13.0,32381217.0
2516,7.0,32172757.0
2517,23.0,31424003.0
2518,12.0,25124966.0
2519,40.0,20158898.0
2520,4.0,17329486.0
2521,10.0,16131410.0
2522,9.0,13749300.0
2523,7.0,12754783.0
2524,5.0,10508518.0
2526,14.0,8008161.0
2527,8.0,6002684.0
2528,20.0,3128941.0
2530,16.0,60755732.0
2531,7.0,16298046.0
2532,14.0,14019924.0
2533,16.0,13559812.0
2535,6.0,7712114.0
2536,6.0,4775656.0
2538,16.0,2827666.0
2541,1.0,2479538.0
2543,2.0,1429299.0
2544,4.0,1190003.0
2545,4.0,1103037.0
2548,5.0,694782.0
2549,4.0,540382.0
2552,7.0,370627.0
2555,2.0,318121.0
2556,14.0,312706.0
2557,4.0,307486.0
2558,4.0,281350.0
2559,11.0,266689.0
2561,5.0,228004.0
2562,15.0,202348.0
2563,12.0,146490.0
2564,3.0,113568.0
2565,8.0,108589.0
2566,11.0,96868.0
2570,6.0,92476.0
2571,5.0,88335.0
2573,1.0,32833.0
2575,7.0,29384.0
2576,3.0,27160.0
2577,17.0,25517.0
2579,7.0,19411.0
2580,8.0,17365.0
2581,12.0,14947.0
2583,19.0,11774.0
2584,21.0,11294.0
2589,16.0,8437.0
2590,18.0,7965.0
2592,18.0,5964.0
2593,16.0,5577.0
2594,3.0,4936.0
2597,13.0,3451.0
2598,12.0,2592.0
2599,16.0,2571.0
2602,8.0,1810.0
2603,12.0,1714.0
2605,3.0,143495265.0
2606,5.0,141319928.0
2607,7.0,106954678.0
2608,7.0,82584160.0
2609,6.0,71503593.0
2610,6.0,59891098.0
2611,21.0,59100318.0
2612,27.0,56671993.0
2613,5.0,46412041.0
2614,3.0,45950122.0
2615,7.0,45064915.0
2616,7.0,44540956.0
2617,11.0,42335698.0
2618,6.0,39464306.0
2619,9.0,37849583.0
2620,5.0,37770162.0
2621,5.0,35428675.0
2622,5.0,32543449.0
2624,3.0,31597131.0
2626,5.0,31203964.0
2627,4.0,30307416.0
2628,5.0,27363891.0
2629,4.0,26782316.0
2630,4.0,26418667.0
2631,6.0,26238243.0
2632,5.0,24793509.0
2633,5.0,24792251.0
2634,3.0,23249649.0
2635,16.0,21569509.0
2636,3.0,21540363.0
2637,17.0,21506546.0
2638,10.0,21078145.0
2639,7.0,20255281.0
2640,5.0,19074800.0
2641,2.0,18492362.0
2642,7.0,18335230.0
2643,6.0,17606684.0
2644,21.0,17550872.0
2645,5.0,17510118.0
2646,1.0,17380866.0
2647,3.0,16071990.0
2648,1.0,15539656.0
2649,5.0,14245415.0
2650,18.0,14018296.0
2651,9.0,13569248.0
2652,6.0,13303319.0
2653,5.0,13043363.0
2654,6.0,12795746.0
2655,5.0,12785432.0
2656,4.0,12550605.0
2657,5.0,11902715.0
2658,4.0,11540607.0
2659,22.0,10726630.0
2660,9.0,10724389.0
2661,4.0,10426506.0
2662,9.0,10254979.0
2663,14.0,10179275.0
2664,1.0,9538948.0
2665,6.0,9439923.0
2666,6.0,9081057.0
2668,3.0,8665206.0
2669,3.0,8038061.0
2670,3.0,7468936.0
2671,4.0,7065332.0
2672,8.0,7061128.0
2673,7.0,7025722.0
2674,19.0,7018189.0
2675,22.0,6946056.0
2676,8.0,6861102.0
2677,9.0,6783129.0
2678,13.0,6623082.0
2679,8.0,6584159.0
2680,8.0,6008677.0
2681,7.0,6002451.0
2682,8.0,5763875.0
2683,4.0,5645298.0
2684,2.0,5502773.0
2685,5.0,5020111.0
2686,2.0,5001708.0
2687,2.0,4939939.0
2688,11.0,4722310.0
2689,15.0,4601043.0
2690,8.0,4543320.0
2691,7.0,4018771.0
2694,7.0,3675753.0
2695,26.0,3600006.0
2696,8.0,3517797.0
2698,5.0,2990625.0
2699,10.0,2926565.0
2700,9.0,2901447.0
2702,5.0,2706659.0
2703,6.0,2540106.0
2704,20.0,2532228.0
2705,3.0,2434652.0
2706,9.0,2377348.0
2709,15.0,2301839.0
2710,3.0,2277396.0
2712,8.0,2057193.0
2713,12.0,2007290.0
2719,15.0,1430241.0
2720,6.0,1408575.0
2721,15.0,1348205.0
2722,2.0,1321194.0
2723,4.0,1295194.0
2725,2.0,1094668.0
2726,9.0,1005539.0
2727,2.0,924260.0
2728,12.0,712095.0
2730,1.0,672243.0
2732,6.0,564489.0
2734,39.0,523511.0
2735,10.0,482355.0
2737,4.0,408015.0
2739,21.0,336472.0
2742,8.0,252603.0
2743,2.0,228498.0
2745,1.0,113682.0
2748,8.0,63463.0
2749,1.0,53662.0
2750,2.0,46495.0
2754,8.0,27816.0
2758,6.0,431088295.0
2759,6.0,380270577.0
2760,14.0,307263857.0
2761,12.0,306169268.0
2762,5.0,302191252.0
2763,9.0,285761243.0
2765,7.0,250863268.0
2768,6.0,233632142.0
2769,6.0,219614612.0
2770,13.0,219195243.0
2771,2.0,217326974.0
2774,23.0,208545589.0
2775,8.0,196573705.0
2776,7.0,195330621.0
2778,8.0,186740799.0
2782,8.0,177243721.0
2784,12.0,176760185.0
2785,5.0,176484651.0
2786,4.0,176387405.0
2787,5.0,173585516.0
2789,7.0,161321843.0
2791,12.0,158671368.0
2792,20.0,157299717.0
2793,4.0,154696080.0
2796,9.0,146282411.0
2797,13.0,145000989.0
2799,1.0,144156605.0
2800,9.0,143619809.0
2801,5.0,143153751.0
2802,4.0,139854287.0
2803,3.0,138614544.0
2805,4.0,134529403.0
2806,12.0,133110742.0
2808,5.0,132072926.0
2811,5.0,128505958.0
2812,6.0,128200012.0
2813,7.0,126477084.0
2815,19.0,124872350.0
2816,11.0,124740460.0
2817,18.0,124630220.0
2818,13.0,121248145.0
2819,4.0,119519402.0
2820,3.0,117559438.0
2822,4.0,116000000.0
2823,14.0,114968774.0
2824,5.0,114326736.0
2825,11.0,113466553.0
2826,6.0,112952899.0
2827,18.0,112892319.0
2830,16.0,105492483.0
2831,8.0,104386950.0
2833,6.0,102543518.0
2835,12.0,102308889.0
2836,7.0,101599005.0
2837,21.0,100012499.0
2838,6.0,98711404.0
2839,5.0,93927920.0
2840,3.0,90570999.0
2841,8.0,89133410.0
2843,15.0,87704396.0
2844,7.0,86888546.0
2845,5.0,86273333.0
2846,5.0,85160248.0
2847,4.0,84563118.0
2848,6.0,83898313.0
2849,10.0,83298585.0
2850,16.0,83028128.0
2851,20.0,83008852.0
2852,3.0,82571173.0
2854,7.0,81600000.0
2855,10.0,81562942.0
2857,3.0,80277646.0
2858,6.0,80172128.0
2859,5.0,79366978.0
2860,15.0,78944891.0
2861,6.0,77911774.0
2862,33.0,77267296.0
2863,14.0,77222099.0
2864,6.0,76808654.0
2865,11.0,76572238.0
2867,15.0,76253806.0
2868,10.0,76113124.0
2869,7.0,75973200.0
2870,6.0,75624550.0
2871,10.0,75505856.0
2873,8.0,75030163.0
2874,10.0,72179579.0
2875,5.0,70839203.0
2876,12.0,70770147.0
2877,5.0,70165972.0
2878,9.0,69684532.0
2879,6.0,69467617.0
2881,11.0,68224452.0
2884,9.0,67052156.0
2886,6.0,65705771.0
2887,3.0,65014513.0
2888,6.0,64783827.0
2889,7.0,64575175.0
2890,4.0,64506874.0
2891,6.0,64003625.0
2892,7.0,63779477.0
2893,6.0,63179523.0
2894,4.0,61749765.0
2895,7.0,60922980.0
2896,17.0,60592389.0
2897,4.0,60062868.0
2898,5.0,60053195.0
2899,8.0,60022256.0
2900,14.0,59735548.0
2902,12.0,59031057.0
2903,4.0,58715510.0
2904,7.0,58709717.0
2905,6.0,58406347.0
2906,7.0,57386607.0
2907,13.0,57138719.0
2908,5.0,56399184.0
2909,14.0,56362352.0
2910,3.0,56127162.0
2911,5.0,55474756.0
2912,5.0,55473545.0
2913,6.0,55001642.0
2914,9.0,54760791.0
2915,8.0,54607383.0
2916,5.0,54222310.0
2917,5.0,53977250.0
2918,11.0,53615089.0
2919,8.0,52929168.0
2920,6.0,52775765.0
2921,11.0,52698535.0
2922,5.0,52474616.0
2923,7.0,52000688.0
2924,6.0,51700000.0
2925,5.0,51432760.0
2926,2.0,51249404.0
2927,4.0,51100486.0
2928,10.0,51079064.0
2929,8.0,50151543.0
2930,13.0,50008143.0
2931,10.0,49876377.0
2932,3.0,49554002.0
2933,7.0,49443628.0
2934,5.0,49323468.0
2935,6.0,49008662.0
2936,4.0,48818921.0
2937,3.0,48608066.0
2938,7.0,48548426.0
2939,4.0,48116322.0
2940,2.0,48006762.0
2941,4.0,47795658.0
2942,5.0,47398413.0
2943,6.0,46729800.0
2944,7.0,46566212.0
2945,9.0,46351345.0
2946,9.0,46151454.0
2947,4.0,46044396.0
2948,11.0,45661556.0
2950,13.0,44789789.0
2952,11.0,44338224.0
2953,7.0,44143410.0
2954,13.0,44029386.0
2955,18.0,43848069.0
2956,6.0,43700855.0
2957,6.0,43218387.0
2958,6.0,43095856.0
2959,7.0,42721196.0
2961,5.0,41543917.0
2962,4.0,41011711.0
2963,7.0,40981289.0
2964,9.0,40874452.0
2965,5.0,40689393.0
2966,14.0,40456565.0
2967,7.0,39785027.0
2969,3.0,39687694.0
2970,3.0,39263420.0
2971,12.0,38922972.0
2972,12.0,38896854.0
2973,8.0,38435947.0
2974,5.0,38233676.0
2976,14.0,37915414.0
2977,8.0,37886980.0
2978,1.0,37823676.0
2979,5.0,37672941.0
2980,12.0,37520095.0
2981,6.0,37519139.0
2982,4.0,37121708.0
2983,8.0,37030102.0
2984,7.0,36845124.0
2985,4.0,36661504.0
2986,7.0,36400491.0
2987,6.0,36280697.0
2988,2.0,36145695.0
2990,2.0,36000000.0
2991,3.0,35856053.0
2992,16.0,35739755.0
2993,5.0,35615609.0
2994,10.0,35353000.0
2995,15.0,35100000.0
2996,4.0,35093569.0
2998,7.0,33862903.0
2999,5.0,33832741.0
3000,1.0,33772838.0
3002,11.0,33683817.0
3003,7.0,33669178.0
3004,8.0,33644788.0
3005,10.0,33426971.0
3006,4.0,33243020.0
3007,4.0,32880591.0
3008,2.0,32647042.0
3009,16.0,32434006.0
3010,9.0,32367005.0
3011,4.0,32061555.0
3012,7.0,31770414.0
3014,6.0,31602566.0
3015,4.0,31407873.0
3016,4.0,31063038.0
3017,5.0,30882515.0
3018,10.0,30857814.0
3019,1.0,30691439.0
3020,1.0,30688860.0
3021,8.0,30669413.0
3022,9.0,30441326.0
3023,6.0,30218387.0
3024,5.0,30105968.0
3026,7.0,30031783.0
3027,9.0,29844101.0
3028,3.0,29381956.0
3029,4.0,29200000.0
3030,6.0,29187243.0
3031,4.0,29174648.0
3033,6.0,28638916.0
3034,6.0,28564995.0
3036,1.0,27873386.0
3037,7.0,27343067.0
3038,10.0,26657534.0
3039,7.0,26593646.0
3040,2.0,26528185.0
3042,5.0,26420672.0
3043,7.0,26167002.0
3045,2.0,26098824.0
3046,5.0,25933445.0
3048,9.0,25857416.0
3049,5.0,25785603.0
3050,6.0,25296447.0
3051,12.0,25216243.0
3052,8.0,25205460.0
3053,6.0,25200412.0
3054,6.0,25147055.0
3056,9.0,24650296.0
3058,7.0,24409722.0
3059,5.0,24277858.0
3060,3.0,24276506.0
3061,3.0,23859382.0
3062,3.0,23646952.0
3063,7.0,23278931.0
3064,9.0,23186769.0
3066,4.0,22771646.0
3067,6.0,22753426.0
3068,5.0,22532572.0
3069,8.0,22530295.0
3070,8.0,22482952.0
3071,10.0,22433275.0
3072,5.0,22228000.0
3073,8.0,21974919.0
3074,3.0,21830957.0
3075,6.0,21633781.0
3076,28.0,21488481.0
3077,11.0,21435321.0
3078,3.0,21413502.0
3079,7.0,21226204.0
3080,5.0,21009180.0
3081,3.0,21002919.0
3082,5.0,21000147.0
3084,8.0,20959585.0
3086,13.0,20781385.0
3087,2.0,20714400.0
3088,5.0,20659423.0
3091,2.0,20342161.0
3092,5.0,20305251.0
3093,1.0,20225989.0
3095,4.0,20006730.0
3096,1.0,19928200.0
3098,4.0,19674852.0
3100,8.0,18999718.0
3101,12.0,18924919.0
3102,5.0,18844784.0
3103,4.0,18670401.0
3104,5.0,18644570.0
3105,6.0,18597342.0
3106,2.0,18532286.0
3107,2.0,18428904.0
3108,6.0,18225518.0
3110,3.0,17860280.0
3111,5.0,17845337.0
3113,2.0,17613720.0
3114,4.0,17326650.0
3115,7.0,17320136.0
3116,12.0,17233166.0
3117,4.0,17124395.0
3119,6.0,16827402.0
3120,5.0,16809014.0
3121,5.0,16703799.0
3122,5.0,16624456.0
3123,3.0,16424918.0
3124,4.0,16204793.0
3125,1.0,16037962.0
3126,18.0,15821461.0
3127,1.0,15782759.0
3128,4.0,15714234.0
3130,5.0,15418790.0
3131,15.0,15240435.0
3132,5.0,14973382.0
3133,6.0,14942422.0
3134,1.0,14919570.0
3135,7.0,14800725.0
3136,9.0,14734633.0
3137,7.0,14543394.0
3138,8.0,14523101.0
3139,4.0,14470947.0
3140,4.0,14448589.0
3141,7.0,14356479.0
3142,3.0,14254993.0
3143,8.0,14011084.0
3144,1.0,13932383.0
3145,21.0,63914167.0
3146,12.0,54333290.0
3147,12.0,37490007.0
3148,7.0,27865571.0
3149,9.0,23240020.0
3151,8.0,15024049.0
3152,45.0,13235319.0
3153,8.0,12068313.0
3154,9.0,11494838.0
3155,7.0,9047981.0
3156,15.0,3493000.0
3157,18.0,3491669.0
3158,10.0,1446634.0
3159,11.0,1315590.0
3160,20.0,121179.0
3161,4.0,241438208.0
3162,12.0,25352281.0
3164,1.0,5304920.0
3165,1.0,4593598.0
3166,10.0,4069826.0
3167,1.0,4038912.0
3168,11.0,3885134.0
3169,4.0,3524826.0
3171,8.0,2930687.0
3172,25.0,2880537.0
3173,9.0,2429367.0
3174,3.0,2388804.0
3175,4.0,2266067.0
3176,18.0,2199787.0
3177,3.0,2030962.0
3178,4.0,1836089.0
3180,6.0,1636190.0
3181,4.0,1629862.0
3182,5.0,1603616.0
3185,4.0,1514782.0
3191,1.0,1222708.0
3193,4.0,1060922.0
3196,1.0,1014071.0
3198,21.0,950792.0
3202,7.0,744296.0
3206,1.0,696921.0
3207,4.0,688523.0
3211,7.0,619162.0
3213,24.0,590700.0
3215,5.0,552959.0
3216,4.0,548115.0
3217,39.0,544890.0
3218,6.0,539792.0
3219,10.0,534100.0
3220,7.0,504030.0
3221,3.0,486767.0
3222,4.0,484592.0
3226,14.0,435746.0
3227,20.0,427418.0
3230,5.0,404122.0
3231,6.0,396519.0
3232,1.0,391674.0
3233,4.0,389220.0
3234,11.0,384473.0
3236,2.0,374675.0
3237,9.0,373605.0
3239,1.0,352428.0
3241,23.0,350006.0
3242,4.0,346669.0
3243,14.0,336467.0
3244,11.0,334616.0
3245,6.0,332829.0
3247,13.0,327716.0
3248,7.0,327452.0
3249,7.0,327345.0
3251,1.0,325653.0
3252,4.0,319299.0
3254,11.0,306845.0
3256,6.0,296359.0
3258,1.0,281447.0
3261,1.0,271143.0
3265,25.0,243550.0
3266,6.0,240381.0
3267,8.0,239056.0
3268,2.0,234743.0
3269,6.0,229653.0
3271,5.0,223880.0
3272,4.0,217277.0
3273,2.0,211440.0
3275,15.0,202370.0
3277,12.0,199176.0
3282,4.0,176113.0
3284,7.0,172605.0
3285,13.0,169976.0
3287,4.0,167047.0
3288,8.0,159429.0
3290,5.0,157961.0
3292,11.0,154084.0
3298,3.0,148047.0
3304,1.0,137515.0
3305,11.0,137042.0
3307,4.0,132055.0
3308,6.0,129579.0
3312,8.0,122742.0
3313,7.0,118919.0
3315,14.0,115694.0
3320,7.0,104442.0
3323,33.0,100887.0
3324,7.0,100035.0
3325,5.0,96464.0
3326,3.0,95000.0
3327,11.0,93995.0
3328,17.0,89237.0
3330,1.0,85154.0
3331,5.0,84283.0
3334,3.0,77907.0
3338,1.0,68723.0
3341,10.0,61810.0
3346,30.0,56825.0
3348,1.0,55804.0
3350,13.0,55708.0
3351,11.0,54030.0
3357,5.0,46742.0
3358,8.0,46714.0
3361,7.0,42070.0
3363,4.0,41045.0
3368,1.0,36689.0
3371,4.0,33745.0
3372,14.0,33245.0
3378,5.0,31081.0
3379,11.0,30915.0
3380,4.0,30638.0
3382,14.0,30283.0
3383,9.0,29683.0
3386,12.0,28468.0
3388,20.0,27053.0
3389,9.0,26651.0
3390,13.0,26403.0
3391,11.0,25423.0
3393,7.0,24525.0
3394,1.0,24098.0
3399,15.0,22620.0
3400,14.0,22406.0
3406,8.0,20175.0
3407,1.0,20061.0
3408,7.0,19684.0
3410,1.0,17929.0
3411,17.0,17909.0
3412,23.0,17801.0
3415,8.0,16075.0
3416,2.0,15676.0
3417,10.0,14351.0
3419,17.0,13790.0
3420,5.0,13510.0
3421,6.0,13439.0
3422,15.0,13302.0
3425,22.0,12189.0
3427,1.0,11434.0
3428,9.0,11004.0
3430,1.0,10687.0
3432,1.0,9946.0
3435,10.0,9747.0
3438,15.0,9216.0
3443,5.0,8447.0
3444,5.0,8251.0
3446,6.0,8050.0
3447,5.0,8020.0
3448,5.0,7943.0
3450,1.0,7643.0
3451,15.0,7429.0
3452,12.0,7413.0
3455,14.0,7117.0
3457,11.0,6950.0
3459,12.0,6780.0
3460,23.0,6673.0
3461,16.0,6671.0
3462,10.0,6334.0
3464,5.0,5719.0
3466,7.0,5661.0
3468,3.0,5430.0
3469,15.0,5043.0
3472,6.0,4876.0
3473,19.0,4833.0
3474,3.0,4629.0
3475,4.0,4373.0
3476,14.0,4187.0
3477,8.0,4115.0
3478,15.0,4105.0
3480,15.0,3911.0
3481,8.0,3865.0
3482,8.0,3838.0
3483,12.0,3697.0
3484,15.0,3643.0
3486,3.0,3519.0
3490,6.0,3010.0
3491,7.0,3003.0
3492,16.0,2959.0
3493,9.0,2651.0
3494,7.0,2618.0
3495,5.0,2521.0
3497,4.0,2432.0
3498,10.0,2377.0
3501,10.0,1926.0
3502,14.0,1710.0
3504,2.0,1477.0
3505,13.0,1279.0
3506,7.0,1061.0
3507,11.0,1006.0
3509,5.0,935.0
3512,19.0,759.0
3513,13.0,625.0
3514,12.0,95.0
3516,5.0,14124284.0
3517,32.0,6854611.0
3518,12.0,5845732.0
3519,21.0,5713179.0
3520,11.0,3123963.0
3521,5.0,2614251.0
3523,6.0,1826705.0
3524,23.0,1375769.0
3526,17.0,1075178.0
3527,12.0,1066981.0
3529,29.0,1008726.0
3531,18.0,88273.0
3532,8.0,45350.0
3533,18.0,15160801.0
3535,15.0,3242457.0
3536,6.0,83043761.0
3537,9.0,75286229.0
3538,5.0,60355347.0
3539,8.0,56003051.0
3540,4.0,50927067.0
3541,14.0,50837305.0
3542,9.0,45512466.0
3543,5.0,44585453.0
3544,7.0,40259119.0
3545,3.0,38405088.0
3546,11.0,35887263.0
3547,4.0,35606376.0
3548,6.0,34400301.0
3549,3.0,33579797.0
3550,13.0,32572577.0
3551,1.0,31841299.0
3552,3.0,31749894.0
3553,8.0,31177548.0
3554,23.0,27298285.0
3555,15.0,26068955.0
3557,8.0,24149393.0
3558,5.0,21995263.0
3560,3.0,20811365.0
3561,10.0,19490041.0
3562,8.0,18007317.0
3563,4.0,17573594.0
3564,5.0,17266000.0
3565,6.0,16781387.0
3566,11.0,16290476.0
3567,2.0,16136476.0
3568,9.0,15901849.0
3569,4.0,14426251.0
3570,7.0,13843771.0
3572,9.0,12816367.0
3573,3.0,12492481.0
3574,3.0,12313694.0
3575,7.0,11468568.0
3576,7.0,10525717.0
3577,11.0,10130108.0
3578,6.0,10113733.0
3579,5.0,9451946.0
3580,4.0,9228768.0
3581,3.0,9016782.0
3582,8.0,8017917.0
3583,6.0,7800824.0
3584,19.0,7779614.0
3585,8.0,7597898.0
3586,1.0,7460204.0
3589,9.0,6376145.0
3590,5.0,6363628.0
3591,3.0,5790894.0
3592,31.0,5750401.0
3593,5.0,4886216.0
3594,3.0,4604982.0
3595,3.0,4533261.0
3596,7.0,4299773.0
3597,4.0,4234170.0
3598,9.0,3854624.0
3599,12.0,3591299.0
3600,1.0,3098776.0
3601,6.0,2536665.0
3602,12.0,2450846.0
3603,8.0,2075743.0
3604,4.0,1785645.0
3605,1.0,1439232.0
3606,11.0,1315498.0
3607,9.0,1251749.0
3608,9.0,1171559.0
3609,11.0,1000915.0
3610,3.0,769552.0
3614,2.0,687194.0
3615,6.0,540152.0
3616,1.0,426688.0
3617,22.0,350741.0
3618,4.0,318574.0
3620,11.0,207584.0
3622,18.0,166243.0
3623,2.0,121994.0
3624,4.0,86959.0
3627,4.0,55835.0
3629,5.0,23844.0
3634,12.0,7205.0
3636,2.0,128078872.0
3637,2.0,56817045.0
3638,14.0,33405481.0
3639,6.0,28750530.0
3640,2.0,25966555.0
3641,14.0,18451000.0
3642,3.0,17108591.0
3643,9.0,16685867.0
3644,5.0,13368437.0
3645,15.0,13092000.0
3646,8.0,12899867.0
3647,8.0,12796841.0
3648,9.0,12574914.0
3649,13.0,12408986.0
3650,13.0,12096300.0
3651,5.0,11286112.0
3652,6.0,11050094.0
3654,7.0,10539326.0
3655,5.0,9584314.0
3657,7.0,9176933.0
3658,5.0,8598593.0
3659,1.0,8272296.0
3660,14.0,8114627.0
3661,4.0,7739049.0
3662,7.0,7689607.0
3663,7.0,7267585.0
3664,11.0,7099055.0
3666,5.0,6739492.0
3668,6.0,6566773.0
3669,2.0,6391436.0
3671,15.0,5881367.0
3672,11.0,5704709.0
3673,1.0,5603158.0
3675,2.0,5488570.0
3677,5.0,5360274.0
3678,3.0,5319445.0
3679,1.0,5306706.0
3680,8.0,5269757.0
3683,14.0,5027684.0
3684,6.0,5014305.0
3685,6.0,5010163.0
3686,12.0,4569019.0
3687,6.0,4445756.0
3689,7.0,4398532.0
3691,7.0,4312735.0
3692,6.0,4235151.0
3694,4.0,4197015.0
3696,17.0,4064200.0
3697,3.0,4033574.0
3698,14.0,3958500.0
3701,1.0,3766810.0
3704,12.0,3663356.0
3706,5.0,3575227.0
3709,10.0,3267313.0
3710,1.0,3248246.0
3711,7.0,3205706.0
3712,4.0,3185812.0
3714,8.0,3094813.0
3715,11.0,3083538.0
3716,3.0,3075255.0
3718,1.0,3043284.0
3719,1.0,3041083.0
3720,5.0,2923982.0
3724,1.0,2656784.0
3726,6.0,2547047.0
3727,8.0,2511476.0
3728,4.0,2465960.0
3729,6.0,2415727.0
3731,1.0,2354559.0
3732,5.0,2345941.0
3734,5.0,2339957.0
3735,4.0,2329631.0
3740,5.0,2283849.0
3742,20.0,2262223.0
3743,6.0,2231474.0
3744,1.0,2222862.0
3745,7.0,2216000.0
3746,3.0,2162043.0
3747,15.0,2159041.0
3748,9.0,2158775.0
3751,20.0,2077116.0
3755,4.0,2007758.0
3759,32.0,1879534.0
3762,9.0,1804139.0
3768,7.0,1730296.0
3772,1.0,1678874.0
3773,11.0,1671377.0
3774,1.0,1669971.0
3776,1.0,1631709.0
3781,4.0,1474628.0
3784,1.0,1400591.0
3787,5.0,1338335.0
3788,15.0,1331747.0
3792,7.0,1300682.0
3795,1.0,1262079.0
3796,18.0,1234254.0
3798,1.0,1214198.0
3800,12.0,1187266.0
3805,9.0,1121233.0
3806,6.0,1111790.0
3807,6.0,1110509.0
3809,2.0,1095369.0
3810,10.0,1092800.0
3811,5.0,1084935.0
3813,16.0,1082124.0
3816,1.0,1072834.0
3820,7.0,1044039.0
3823,7.0,1031872.0
3824,27.0,1030064.0
3825,9.0,1021398.0
3827,5.0,1011871.0
3828,10.0,1008455.0
3829,3.0,1008098.0
3835,1.0,887918.0
3840,9.0,841733.0
3843,2.0,793815.0
3845,9.0,767373.0
3846,5.0,765637.0
3847,7.0,757088.0
3848,8.0,755249.0
3849,19.0,727594.0
3852,6.0,656747.0
3854,12.0,647280.0
3855,1.0,645634.0
3860,3.0,620155.0
3865,6.0,564535.0
3866,6.0,560391.0
3869,5.0,543708.0
3871,1.0,543100.0
3873,7.0,541377.0
3875,4.0,533569.0
3876,8.0,531997.0
3882,5.0,450594.0
3884,8.0,449865.0
3886,1.0,440793.0
3889,2.0,416951.0
3890,1.0,403952.0
3891,6.0,400948.0
3893,10.0,398278.0
3894,10.0,396760.0
3895,31.0,383294.0
3896,8.0,381420.0
3897,6.0,380594.0
3899,5.0,376597.0
3900,4.0,375757.0
3903,7.0,366037.0
3905,5.0,342895.0
3912,5.0,310154.0
3914,2.0,307037.0
3916,15.0,299569.0
3918,2.0,280046.0
3920,5.0,266130.0
3922,6.0,258771.0
3923,5.0,253874.0
3925,1.0,245127.0
3926,8.0,244397.0
3930,19.0,239962.0
3932,1.0,229117.0
3933,1.0,228767.0
3935,1.0,215026.0
3936,4.0,213137.0
3953,14.0,163265.0
3972,22.0,67421.0
3973,8.0,66559.0
3975,3.0,58198.0
