,log_gross,votecount_clean
0,18.908066389354047,750246.0
3,18.607498170826336,710926.0
4,18.57453505129421,72619.0
6,18.323184997536348,84195.0
8,17.858789466553368,18109.0
9,17.754888210111602,42049.0
10,17.624179344884933,62176.0
13,17.46716020375802,13196.0
14,17.457846681885822,91962.0
17,17.43718465810092,155708.0
18,17.39969805066596,58841.0
20,17.281739682859982,42677.0
21,17.26416216420677,139371.0
23,17.03590111504618,141900.0
24,17.02700391938393,69655.0
25,16.82437798642113,23580.0
28,16.688380549552335,43678.0
29,16.673053005220776,48463.0
31,16.59979190426374,50185.0
35,16.525296318777716,98963.0
37,16.48841919751693,18537.0
41,16.304084392071456,44.0
42,16.21670637795932,12753.0
45,16.088288601906086,125079.0
48,16.032101937791342,74367.0
51,15.909471185743312,157252.0
52,15.868605429229008,32411.0
54,15.819328229096774,3631.0
56,15.59612380487927,26668.0
61,15.167070089294205,11.0
64,14.521242220714834,
68,14.010291671107968,565.0
70,13.743444039087656,19084.0
71,13.678833651966999,46814.0
73,13.595530746742423,3874.0
75,13.491984358603528,5555.0
76,13.442312716815726,46713.0
77,13.426380306674583,18510.0
78,13.396938933485359,
79,13.284097799256436,4505.0
80,13.27702763961129,1647.0
81,13.276722606912163,7782.0
82,13.239644954017807,
83,13.142179730096512,
86,13.029489028553577,18432.0
87,12.860881723321674,5480.0
89,12.678261385681246,11459.0
90,12.53969081316848,11.0
92,12.234373375176757,
97,11.438772876436595,6006.0
98,11.388631277698188,372.0
100,10.93544352356233,49.0
101,10.917358612749148,
102,10.837598555980199,7610.0
105,9.725436862592819,66.0
106,9.29228895462335,
108,16.177882651479727,53295.0
109,15.484718138610814,29101.0
110,15.05119072850063,14650.0
111,14.846869176143914,42925.0
112,14.720819206912095,11363.0
113,14.621170912821066,11158.0
114,14.61480039822763,19377.0
115,14.602919186783625,55239.0
116,14.27289742959855,8589.0
117,14.242472282594948,14734.0
118,14.23063420518362,8520.0
119,14.128146672245459,7228.0
120,14.071568053430362,10411.0
122,14.017013634174157,46566.0
123,13.960082652118276,4684.0
124,13.931092951761382,15783.0
125,13.889172645011719,6788.0
126,13.862530584936298,28012.0
127,13.83269702098702,8675.0
128,13.687578317930694,4955.0
129,13.65062766002299,4954.0
130,13.595808577644862,5344.0
131,13.563675565641987,10334.0
132,13.538374018735537,6475.0
133,13.533503021502872,2981.0
134,13.53261700224429,8423.0
135,13.512410232784113,3412.0
137,13.485291131715494,13788.0
138,13.473735486132187,3798.0
139,13.366319242188466,1754.0
141,13.302462466345185,2761.0
143,13.102474906423685,3329.0
144,13.04664796015655,2914.0
145,12.995722476436931,6106.0
146,12.805889435209744,1853.0
147,12.72074486166474,3664.0
148,12.699594417458622,1466.0
150,12.509431197366963,4585.0
151,12.506943610908413,3690.0
153,12.42954814174458,2346.0
154,12.31087400488925,3845.0
155,12.271279693154108,931.0
156,12.227702034653051,1926.0
157,12.221177983305777,3262.0
158,12.191887510538093,1526.0
159,12.162340169665168,6963.0
160,12.088093965736725,2955.0
161,12.038724426704706,3187.0
162,12.03553933355072,1733.0
164,11.919802908596225,5907.0
165,11.874139093479888,2616.0
166,11.783753807849848,2415.0
168,11.52098291634796,570.0
169,11.429195969438696,1051.0
170,11.383249487813838,278.0
172,11.061138892943045,3212.0
174,10.604379663543519,16148.0
176,10.312811870970013,196.0
179,9.831615540298333,16424.0
180,9.745487807887239,819.0
181,9.705463352014883,3451.0
182,9.56317796268366,2423.0
183,9.4053313318708,3551.0
184,9.2237500588861,115.0
185,9.212038928611765,958.0
186,8.917444732471514,22621.0
187,8.753055515138222,2970.0
188,8.717354666338522,241.0
189,8.5422759717837,390.0
190,7.942717540573791,202.0
191,20.094679723519874,1397856.0
192,19.92061423102686,932715.0
199,19.49423568643956,1198738.0
200,19.492280586128313,301826.0
201,19.48899023214754,453932.0
202,19.485436431658634,329156.0
203,19.45591458855544,378842.0
204,19.440691657672144,505869.0
205,19.42897694654453,484302.0
206,19.38381109892696,328123.0
207,19.369891051521567,400456.0
209,19.36222202054869,448656.0
210,19.360529689131695,188348.0
211,19.357243749684233,226859.0
212,19.354671128715392,323517.0
213,19.341715899229534,235641.0
215,19.303296894253247,131363.0
216,19.165542090570952,697.0
217,19.157982020610962,408662.0
218,19.145612771548517,272207.0
219,19.140196078939596,798203.0
220,19.114233802132844,222497.0
221,19.10377918966763,113224.0
223,19.04580824717542,287412.0
224,19.030615388236193,168761.0
225,19.029770870120025,192538.0
227,19.02290947393226,122686.0
228,18.959976791483097,1008695.0
229,18.924444942436224,131132.0
230,18.90822769773983,187721.0
231,18.90788163643972,102984.0
233,18.84364031432415,91024.0
235,18.828616876563267,257866.0
236,18.813860420914867,119346.0
238,18.8076694497391,112054.0
239,18.790391046238707,115580.0
240,18.752240562954956,326032.0
241,18.73840796395287,233192.0
242,18.734040606961933,628543.0
243,18.728352948179086,381687.0
245,18.708699679659347,327397.0
246,18.70121972768207,722366.0
247,18.686459196517912,115912.0
248,18.68549744489153,153414.0
250,18.64640072541819,247835.0
251,18.61908658565935,78533.0
252,18.6042185608021,43487.0
254,18.582276999417342,308810.0
256,18.574269883288128,195296.0
258,18.549994212378206,118655.0
259,18.549263659284083,88036.0
260,18.535794192763895,178897.0
261,18.526186616045432,278394.0
263,18.504709407906162,86529.0
264,18.501205178653727,139421.0
266,18.493092554866138,338255.0
268,18.4872702042257,113437.0
269,18.48654027030322,117083.0
271,18.48440691334659,
272,18.47198781424503,215638.0
273,18.458557188596846,58167.0
275,18.436861841025,73752.0
276,18.433553157795238,74889.0
277,18.43218874219965,238392.0
278,18.429841941739745,175731.0
279,18.428331958614713,53242.0
280,18.42605669758384,248803.0
282,18.423137832835597,14686.0
283,18.42274117979579,302396.0
284,18.397319748366403,243764.0
285,18.373040684159275,52729.0
287,18.367649719533546,198337.0
288,18.367113297218435,99382.0
292,18.35224680551894,41610.0
293,18.35191839232224,76152.0
294,18.3393216752557,251605.0
295,18.338550645026114,41513.0
296,18.320471084274462,54779.0
300,18.28035772320217,96936.0
301,18.273377096275183,26467.0
304,18.252563017459092,23538.0
308,18.24111305976803,54788.0
309,18.234532944418852,32421.0
310,18.21241218434949,77009.0
311,18.20090933805941,62173.0
312,18.19412072565547,174198.0
313,18.180964546830946,85734.0
314,18.180094563105257,212964.0
316,18.1683481189136,42586.0
317,18.16234343141923,81069.0
318,18.154524088451897,269168.0
319,18.14601800431744,67386.0
320,18.14593040174729,207319.0
322,18.140051501719494,90884.0
324,18.115614586771088,161946.0
325,18.11480947312768,89059.0
326,18.096151807336962,15963.0
327,18.095191516669487,187595.0
328,18.09227079755085,28571.0
330,18.08546675740242,17372.0
331,18.085440386256646,48875.0
332,18.084395859779587,3795.0
333,18.082680704835052,92958.0
336,18.07127978035646,197.0
337,18.0697819146698,103786.0
339,18.066468778675688,31736.0
341,18.06075722911637,144653.0
344,18.029999218191936,84374.0
345,18.0297498949218,27306.0
346,18.029685953968507,59143.0
347,18.026701687863834,372187.0
348,18.02549531344687,194761.0
349,18.0192320044269,21085.0
350,18.01237711104174,65633.0
352,17.99307933073895,172110.0
353,17.992779870781543,92762.0
354,17.983987163478957,362625.0
355,17.977000693134215,127334.0
356,17.974494667470633,28162.0
357,17.970738688865335,42332.0
358,17.967208153049775,52828.0
360,17.965110277686186,66285.0
361,17.96293306280817,37826.0
364,17.926422159130453,282852.0
366,17.92103929350317,75775.0
367,17.92066376245288,126248.0
368,17.91744520911278,58744.0
369,17.911337021627848,30539.0
370,17.909031831377128,42445.0
371,17.904751786971737,81921.0
372,17.901653663327853,68700.0
373,17.87691462379047,108833.0
374,17.86517004858292,344779.0
375,17.864902767189545,43849.0
376,17.863156377469636,83438.0
377,17.86149445127065,7.0
378,17.85097550828747,37343.0
379,17.840385992450276,52510.0
380,17.840079567484377,32721.0
381,17.835332846837147,201287.0
383,17.83369375922081,33409.0
384,17.83068277391622,43247.0
385,17.82737936895026,59887.0
386,17.819762254829914,23879.0
388,17.81270813281675,66782.0
389,17.80725187383948,50388.0
390,17.801798157565987,34562.0
391,17.798845493117284,145527.0
392,17.79286217232841,38075.0
393,17.792847052914407,79049.0
395,17.791733621007676,141690.0
396,17.78353605607952,26100.0
397,17.773082499500354,104130.0
398,17.76210114055721,25696.0
399,17.755891159037212,53251.0
400,17.752631264655,38661.0
401,17.74469720181462,9638.0
403,17.738920268107154,71942.0
404,17.73698561170762,50484.0
405,17.733172952106393,153788.0
406,17.729172060322885,14364.0
407,17.728015107431478,32841.0
409,17.722973622647142,11026.0
410,17.71474455149391,35575.0
412,17.70819219929801,42353.0
414,17.702240144854294,47293.0
415,17.69662076851642,43214.0
416,17.69024511022185,57297.0
417,17.689698333214196,10142.0
418,17.67885480601702,20569.0
419,17.674361178303467,19219.0
420,17.668310553858415,36050.0
421,17.666657936326803,18450.0
422,17.66216726507517,612238.0
423,17.659431923212267,17630.0
424,17.658898706382065,50084.0
426,17.650536097592923,60658.0
428,17.644171584695478,155945.0
429,17.641072500406803,13676.0
430,17.623521782227623,94856.0
431,17.62089879177075,10994.0
432,17.619402123378226,70286.0
433,17.616312776505737,43555.0
434,17.61207065665419,97999.0
435,17.601742740822107,20044.0
436,17.601191193423457,33047.0
438,17.598466840708475,53933.0
439,17.59730785525317,23580.0
440,17.5951402200869,29813.0
442,17.590240888864557,9007.0
443,17.590089681238485,28225.0
444,17.589313803242714,41155.0
445,17.58398392675154,69001.0
446,17.579218665550183,54352.0
447,17.57671676666253,36969.0
449,17.570271779094462,26422.0
450,17.5670746987385,73690.0
451,17.559946967879608,72043.0
454,17.549618101490235,16005.0
455,17.548932740076783,26862.0
456,17.545705716703573,6509.0
457,17.543520600978116,116462.0
458,17.540775146274704,57404.0
459,17.53904667192128,34379.0
460,17.53619267846774,20905.0
461,17.535915132276067,140887.0
463,17.52672846556534,123564.0
464,17.509436730942713,78510.0
465,17.506319574275135,55663.0
468,17.49618547169567,14893.0
470,17.489384515628796,25466.0
471,17.489140984392705,154790.0
472,17.480431817861632,40054.0
473,17.48026351983647,42793.0
474,17.472599893550985,43454.0
475,17.468515601803052,16185.0
476,17.466652136976972,55836.0
477,17.462238696902627,6281.0
478,17.45632526348127,53886.0
481,17.45527098383892,48288.0
482,17.450548605587635,27428.0
483,17.44705262045799,153647.0
484,17.444166487936346,79299.0
485,17.439621171085726,110105.0
486,17.43466553374651,90576.0
487,17.426976347523556,72208.0
488,17.423897161438862,96845.0
489,17.423590420123354,105944.0
490,17.42245360832688,17861.0
491,17.42158440569609,1690.0
492,17.420840019398195,47800.0
493,17.410089222667953,28656.0
494,17.40987332237733,178283.0
495,17.405404107567318,76220.0
496,17.401953910594287,41557.0
498,17.392428228135735,42917.0
500,17.378877638150165,17259.0
501,17.375463827756768,35444.0
503,17.362606002953342,31732.0
505,17.361474583939327,18542.0
507,17.35828145749868,21668.0
509,17.350574013738854,127161.0
512,17.33787316035231,28216.0
513,17.33346633199661,69468.0
514,17.332750587612328,15045.0
515,17.327641735664546,87537.0
516,17.322792473120074,6866.0
517,17.321572962548004,48720.0
518,17.31346050293777,68182.0
519,17.31309018093105,42672.0
521,17.303499056249414,32371.0
522,17.30234549001497,59148.0
524,17.299790054388243,46345.0
525,17.28817760355133,82136.0
526,17.28532024537409,62927.0
527,17.28286755233475,39460.0
528,17.27954967829247,40049.0
529,17.278318867040408,13216.0
532,17.27069606303171,79526.0
533,17.255330621430502,25042.0
534,17.253714633133203,52073.0
536,17.247305457879097,5934.0
537,17.241372649388495,14700.0
538,17.23736582200273,18635.0
539,17.227872054997185,40084.0
540,17.226759651478986,55847.0
541,17.22363717691509,24132.0
542,17.220483835284874,69087.0
543,17.219275008550426,11627.0
544,17.217985856076602,18864.0
545,17.21026254596516,37805.0
546,17.20706735146471,18851.0
547,17.19823567300793,23017.0
548,17.16886049096107,11215.0
549,17.168590823909064,9871.0
550,17.16351554484311,3497.0
551,17.15279269088093,27580.0
552,17.15049950941093,10625.0
553,17.14990349321813,27749.0
555,17.14080791141696,41697.0
557,17.127584406331575,21435.0
558,17.11534947912612,252372.0
559,17.107266552974266,24553.0
560,17.106494407853063,1561.0
563,17.084529688236092,8609.0
564,17.08260804257674,31505.0
565,17.080759571325153,3125.0
566,17.071386324204195,6159.0
567,17.06951450196664,37405.0
568,17.06606747511182,21969.0
569,17.06190998925367,51313.0
573,19.84380083716198,436614.0
574,19.829259928580676,452702.0
576,19.64361752400454,551995.0
580,19.53717852272938,680994.0
581,19.49740963482206,603107.0
582,19.495697378484454,526190.0
583,19.491273996696773,249367.0
584,19.408334521829374,187680.0
585,19.381719546493773,399596.0
586,19.375293985716,338872.0
587,19.360192762645347,466367.0
589,19.313018815603858,209226.0
591,19.300605380691483,309675.0
592,19.28476495194024,218169.0
593,19.27472078893255,161103.0
594,19.244709834104402,246485.0
597,19.208974977375796,160736.0
599,19.145547758972835,395321.0
600,19.145143144513742,317478.0
601,19.121687864098476,286100.0
602,19.117929182843152,234422.0
603,19.106514012949628,223764.0
604,19.07194407997048,499702.0
605,19.070149750826243,83947.0
609,18.968853561545206,227701.0
610,18.96336986938028,237320.0
611,18.957710923575515,113657.0
612,18.94959053106551,269591.0
615,18.91512104450171,190532.0
617,18.89996397173489,105367.0
618,18.868262176574206,120785.0
620,18.79770754276557,94485.0
621,18.791094377407813,55825.0
622,18.768668493245393,128634.0
624,18.754328638729564,55647.0
625,18.751683241645477,29877.0
626,18.74093694419244,33369.0
627,18.731781552104117,90192.0
628,18.729556343597494,63066.0
629,18.723645427624884,54234.0
630,18.71386896222269,236160.0
631,18.703727165859718,28005.0
632,18.68860010411135,89942.0
634,18.66145529569886,75520.0
636,18.608157771771666,136987.0
638,18.56612002664531,143030.0
639,18.553440138663166,173372.0
640,18.552178887175558,125686.0
641,18.543666824707614,56174.0
642,18.529982008648997,170239.0
643,18.518082661819204,84344.0
644,18.516917539769985,65089.0
645,18.499944280458564,77381.0
646,18.471974979839473,50400.0
647,18.466001869387338,58838.0
649,18.457386046110365,43861.0
650,18.437032039897513,16.0
651,18.43179448688808,201149.0
652,18.42206829086376,83003.0
655,18.398661806654598,57110.0
656,18.394368718821035,32758.0
658,18.371180378149447,43308.0
659,18.369506800336964,222154.0
660,18.36426278296835,16562.0
661,18.347865139408675,53983.0
662,18.3306159281414,72914.0
663,18.32372564801498,194179.0
664,18.32249666044002,38171.0
665,18.321516723635103,38293.0
666,18.318523005036273,30072.0
667,18.312062694956023,114194.0
668,18.307800693993475,50058.0
670,18.307535729776788,157534.0
671,18.299994915516653,69646.0
672,18.293264137856436,26429.0
673,18.26365853857238,225636.0
675,18.257213141076853,34312.0
676,18.252263536113343,18142.0
677,18.250554872543052,138956.0
681,18.225546761456503,96805.0
682,18.21749379092333,43176.0
683,18.212087816985864,17873.0
684,18.210663366249,63286.0
686,18.192225472899533,28542.0
687,18.17507112227444,52550.0
688,18.15403069963651,23821.0
689,18.14423221828387,27895.0
690,18.13809981186583,29837.0
691,18.126869352209305,46136.0
692,18.12415022588218,55826.0
694,18.107039290230794,190418.0
695,18.086953043643476,19902.0
697,18.07931536541433,41170.0
698,18.061450165731916,48781.0
700,18.047531744869623,62581.0
701,18.026253093382742,49961.0
702,18.02472205630254,63881.0
703,18.022775894928223,37817.0
704,18.01956156858327,23192.0
707,18.009828923525095,71484.0
708,18.00552608338539,32177.0
709,18.000201987958853,17267.0
710,17.998152205021558,53517.0
711,17.994933144731796,76795.0
713,17.980283962395916,32732.0
714,17.97499683436644,217216.0
715,17.973562280214047,54428.0
716,17.969818017228903,45391.0
717,17.957857418515452,50069.0
718,17.94480752230305,11787.0
719,17.924471232501137,55904.0
721,17.922874482615182,82218.0
722,17.917771568921328,70441.0
723,17.908648025273695,16357.0
724,17.90507630314087,18790.0
725,17.895854010495476,9135.0
726,17.887310420844543,28914.0
727,17.886603091539836,42339.0
728,17.88164859687007,49457.0
729,17.879805811499544,76191.0
730,17.876260124965736,59396.0
731,17.87261960322654,44590.0
732,17.86414322079472,31602.0
735,17.857464768110685,85304.0
737,17.849840838116403,84986.0
738,17.824668205126176,173875.0
739,17.823057029540504,70024.0
741,17.808819719202255,94587.0
742,17.802619607078203,37705.0
743,17.79105384755263,27953.0
744,17.789722701890604,45106.0
745,17.7874970914404,691852.0
746,17.783247152865034,5133.0
747,17.78206227815819,103445.0
749,17.772391855492838,51473.0
750,17.764487170139404,121937.0
751,17.763959509435136,33609.0
753,17.750920211387015,19644.0
754,17.74907399355962,
756,17.74471776560373,213561.0
757,17.74246822408702,38833.0
758,17.740095076200166,21000.0
759,17.732259000905465,19303.0
761,17.728142597893253,11604.0
764,17.71732281063241,28639.0
765,17.695635341641704,11480.0
766,17.6902294571741,55700.0
768,17.684659088975636,9833.0
769,17.679245496151225,81278.0
770,17.65934157111608,40459.0
771,17.658537163327814,10928.0
773,17.635646866776458,12245.0
774,17.635646537904222,24372.0
775,17.634420693733023,12070.0
777,17.633240400251285,16123.0
779,17.610551084704777,33307.0
780,17.605983817582043,55049.0
781,17.594244541393763,14181.0
782,17.59081361844786,31942.0
783,17.59005464094289,112519.0
784,17.582043035961266,11434.0
785,17.578151077638225,98256.0
787,17.57051606148818,23152.0
788,17.5684780176864,30865.0
789,17.568255423916035,2524.0
790,17.562664179622317,41265.0
793,17.521578367297902,27115.0
794,17.518955567468524,7807.0
796,17.508145127797803,8024.0
798,17.49935714341491,76307.0
799,17.49218364153018,51898.0
802,17.468186813644653,141567.0
804,17.457774339487383,190402.0
805,17.45773811393768,58282.0
807,17.43949174624027,28346.0
808,17.43675459383457,17154.0
809,17.427721688096234,42474.0
811,17.42236891743711,9946.0
812,17.419210837398534,34422.0
814,17.411661240071986,25916.0
818,17.380769260693206,30222.0
819,17.373187163432515,66945.0
820,17.364931373701744,14576.0
821,17.36206235983263,77910.0
822,17.35265027775144,24542.0
823,17.35145416487623,14186.0
824,17.344960628543813,25194.0
827,17.312018119430753,86249.0
829,17.30510006294697,9182.0
830,17.302851965575872,94999.0
831,17.30229319741353,44828.0
832,17.281608145348244,6.0
833,17.28125586696976,19501.0
835,17.261909577492233,6535.0
839,17.24504126636041,22440.0
840,17.24322633162123,9081.0
841,17.238603342858887,47903.0
842,17.23579034030141,12541.0
843,17.222032439286068,37395.0
846,17.21107822246474,5196.0
847,17.20328491929429,5750.0
849,17.196247307892804,3461.0
850,17.194157853519464,21260.0
851,17.193101145654932,8668.0
853,17.185902005372274,121828.0
854,17.18281676720723,14706.0
856,17.18186677423822,4405.0
857,17.180946970650197,43687.0
858,17.178703707593204,8912.0
859,17.17373418729045,4440.0
860,17.15490732034596,7099.0
861,17.15072328890289,68093.0
864,17.145264245898066,22553.0
865,17.14082089355108,9674.0
867,17.12171963134924,30267.0
869,17.10987192855302,26592.0
870,17.108035872756425,20213.0
871,17.099906147393217,13870.0
872,17.095310743252217,17813.0
873,17.092345544876878,6758.0
875,17.08603934053342,4112.0
877,17.062081429943433,36851.0
879,17.053387041579,7949.0
880,17.053143444107114,41939.0
883,17.047768205516004,28270.0
884,17.035568443922905,6780.0
886,17.021112513538927,6406.0
887,17.01019577521652,16865.0
888,17.007316230132204,12776.0
889,16.999678119645647,13575.0
890,16.99787151597302,5922.0
892,16.99390337251725,60288.0
893,16.992743384714313,10290.0
894,16.990227493733656,6597.0
895,16.97517619023924,21316.0
897,16.972910133484234,8450.0
899,16.95726768606935,11708.0
901,16.954757722762732,24065.0
902,16.95241964206045,6829.0
904,16.949050561315428,16800.0
905,16.945171357774786,3375.0
906,16.944570509644397,5791.0
907,16.929829855000914,15436.0
908,16.92523919566385,15642.0
911,16.89951553353626,53885.0
912,16.89793356127273,11525.0
913,16.88782083634239,5071.0
914,16.886714477018124,32963.0
915,16.881618766132323,4713.0
916,16.880637915440282,11204.0
917,16.87856301150313,15946.0
918,16.87824757465379,17162.0
919,16.87368659768781,19187.0
921,16.86961074417509,2463.0
922,16.860335854583216,5334.0
925,16.85599939545853,34198.0
927,16.839777274331333,29314.0
928,16.831998240068316,2132.0
929,16.823177726474214,1708.0
930,16.821613668005952,10029.0
931,16.813620203329126,4278.0
932,16.81151454460092,5495.0
935,16.80569240636795,11743.0
937,16.798457546978607,7567.0
939,16.797450655218608,17516.0
940,16.784801623525645,14075.0
942,16.781933426674605,
943,16.775000438762362,29423.0
945,16.768439657006336,16355.0
946,16.766833472593838,2782.0
948,16.756642073498124,18858.0
950,20.2137529977682,672640.0
951,19.81224089145169,282372.0
952,19.68025061568437,284807.0
954,19.592295458645122,180578.0
955,19.581473127982015,455739.0
956,19.578857016865573,567523.0
957,19.5747312683576,288989.0
958,19.559901663580344,423253.0
959,19.367423157002907,454886.0
960,19.318559311468544,188366.0
961,19.29087219338529,117281.0
962,19.274076309774333,110156.0
963,19.272029050197176,293355.0
964,19.24826554826034,342728.0
966,19.198082814630332,385219.0
968,19.188167899394177,250567.0
969,19.18805323156774,203271.0
972,19.125557419239133,381355.0
973,19.105551398366156,1563.0
977,19.023967257603264,142931.0
978,19.01417676828868,433875.0
979,19.0139073411115,253841.0
980,19.008528240337547,118689.0
982,18.99042635441071,191088.0
984,18.979173078192805,68650.0
985,18.922964366483324,143581.0
986,18.89888208619265,9955.0
987,18.89055230197708,143550.0
988,18.880308018297075,78743.0
989,18.878861381259178,112715.0
990,18.8694970805702,48074.0
991,18.859060441293416,113208.0
992,18.850285700522843,74795.0
993,18.841083783535122,65711.0
994,18.827488270613415,158592.0
995,18.821203686319993,99960.0
996,18.8155287091376,145380.0
997,18.76046651332684,124286.0
998,18.713572728711355,215564.0
1000,18.696585133484714,106382.0
1001,18.691990035952806,14.0
1003,18.66872996613403,103901.0
1004,18.667641863654,625965.0
1005,18.66370006498582,396969.0
1006,18.659730549393302,259401.0
1007,18.656790090874086,92194.0
1008,18.648757713919963,553202.0
1009,18.645170332951253,105152.0
1010,18.63157037775382,158090.0
1011,18.623809815131168,128360.0
1012,18.62106908410146,61916.0
1013,18.619635228475737,129378.0
1015,18.593852535688157,79710.0
1017,18.591221073825395,114327.0
1018,18.579645747730734,43533.0
1019,18.576835363122708,553863.0
1020,18.57547314354773,51445.0
1021,18.54733476910664,84718.0
1023,18.520664648506393,271820.0
1024,18.513379626376345,54547.0
1025,18.509663767635264,40544.0
1028,18.484725946553354,41955.0
1030,18.480162133704454,256126.0
1031,18.477187468266592,130295.0
1032,18.474119164410947,28188.0
1033,18.46017840913551,68561.0
1034,18.45423889734027,104238.0
1037,18.44051296884975,69515.0
1038,18.43498537315318,137601.0
1039,18.432609749600154,166721.0
1040,18.431338764927855,236788.0
1041,18.42684514493137,188600.0
1042,18.42561529898502,12162.0
1043,18.376453029462702,46827.0
1045,18.356380861005103,234482.0
1047,18.347262412403424,30243.0
1048,18.33760221951335,89940.0
1049,18.326996307910207,43581.0
1050,18.319807921297922,90259.0
1051,18.30094170657126,52232.0
1053,18.27053268460806,204051.0
1054,18.263067268897426,49357.0
1055,18.255250604521528,71814.0
1058,18.238578207171777,72943.0
1060,18.230376203767513,53485.0
1061,18.225645659671283,132396.0
1062,18.22537675083596,55896.0
1063,18.217833301093652,12781.0
1064,18.213635233576916,122373.0
1065,18.21317893279011,182288.0
1066,18.210232527271266,31437.0
1067,18.209172143326146,21195.0
1068,18.207722322656515,26133.0
1069,18.200154913415524,172108.0
1070,18.200009047585958,59963.0
1071,18.19842100196361,191425.0
1072,18.198142421949942,254853.0
1073,18.197979619752843,43855.0
1074,18.195258811598137,35225.0
1075,18.183856068898844,82898.0
1076,18.183292567989714,46960.0
1077,18.18186727068915,99263.0
1078,18.17379145599423,89747.0
1079,18.16697270899355,158794.0
1080,18.152902679278505,6903.0
1081,18.152422743493617,52386.0
1082,18.149796186659746,196885.0
1083,18.141907205746655,54178.0
1085,18.1315175218064,49712.0
1086,18.12623425768655,96753.0
1087,18.12063149897033,53991.0
1088,18.11774298637725,218312.0
1089,18.106441942524373,14249.0
1090,18.106330714868832,72364.0
1091,18.106160528905917,72835.0
1092,18.10293405282214,51937.0
1094,18.08436864850787,152012.0
1095,18.080933893631254,61387.0
1096,18.079706341776145,93727.0
1097,18.073421617460045,143836.0
1098,18.068769549605243,54325.0
1099,18.067982069878525,63125.0
1100,18.06668304157349,51266.0
1102,18.0453615424053,59252.0
1103,18.02414877131169,80102.0
1104,18.017491264635833,52645.0
1105,18.01520656580307,221805.0
1106,18.000003455107894,90412.0
1108,17.988245232306564,10142.0
1109,17.984741046797897,74368.0
1110,17.978374955364846,62344.0
1111,17.97730349733354,17827.0
1112,17.972155654523633,
1114,17.932322559727467,48126.0
1115,17.93186495034006,35061.0
1116,17.924166718949078,12771.0
1117,17.918614527650263,44966.0
1118,17.91531614825826,53835.0
1119,17.910190180713993,8497.0
1120,17.90400842821125,185130.0
1121,17.901230400655486,45978.0
1122,17.878868746282453,34549.0
1123,17.866764356036878,55953.0
1124,17.852077196842977,100272.0
1125,17.851838485238844,87259.0
1126,17.842934795917486,114899.0
1128,17.833539232893745,59484.0
1130,17.80264725107327,44334.0
1131,17.800606518672353,83575.0
1132,17.79840349875885,27108.0
1134,17.790732637871702,28398.0
1136,17.783803663910003,32553.0
1138,17.77078554390382,38477.0
1141,17.75518293217514,163900.0
1143,17.739015631428085,83354.0
1144,17.737576068215258,13790.0
1145,17.730711388752574,35205.0
1147,17.72398802539439,21627.0
1148,17.72346827127864,44459.0
1150,17.705677306040794,49824.0
1153,17.665734369536246,226277.0
1155,17.656598864922056,16218.0
1156,17.648751252751396,35370.0
1157,17.64234094600184,41061.0
1158,17.627626926043753,19944.0
1159,17.625993518212226,167558.0
1164,17.58260972834294,52179.0
1166,17.576745556770344,20779.0
1168,17.567714796935817,52872.0
1170,17.534696083588205,27374.0
1171,17.530935005512323,39522.0
1172,17.516112608174826,45932.0
1174,17.509942791821967,
1175,17.50710375155414,11463.0
1178,17.489341651325386,4874.0
1179,17.469667554586014,192196.0
1180,17.469265428320846,42038.0
1181,17.46356700193244,18817.0
1182,17.457895448500363,4508.0
1184,17.44683179185575,68760.0
1185,17.430049339774985,27566.0
1186,17.42615697429725,10433.0
1187,17.420662065997462,65744.0
1188,17.415875961184906,8542.0
1189,17.41571184676838,46636.0
1190,17.412545739073856,10471.0
1191,17.40732829923508,20578.0
1193,17.389514875631797,11428.0
1194,17.38943166759774,19056.0
1197,17.358829964380156,27166.0
1199,17.34059403220449,17420.0
1201,17.33010733671901,93397.0
1202,17.31444196741521,248205.0
1204,17.30802071620734,16257.0
1205,17.307830697738463,46385.0
1206,17.305514410026934,123507.0
1207,17.302270737376023,57048.0
1208,17.2955921919342,25411.0
1209,17.294224227818944,26743.0
1210,17.28858797701369,40490.0
1212,17.283690908166566,21662.0
1214,17.27664463860369,10594.0
1215,17.272462935803006,41047.0
1216,17.255508564555008,70528.0
1217,17.249025134649465,31154.0
1218,17.237701948448983,13810.0
1219,17.233340547716786,6307.0
1220,17.227686289741463,44749.0
1221,17.22503137023703,5394.0
1222,17.213910931644005,5455.0
1224,17.195875578336135,11433.0
1226,17.173637412105062,14407.0
1229,17.153998748688053,28211.0
1230,17.138183753415362,11650.0
1233,17.116907272659084,31585.0
1234,17.106803374655914,8612.0
1235,17.105792244715072,54447.0
1236,17.099171448575426,102623.0
1237,17.095295124283105,7285.0
1238,17.088162989246765,18531.0
1239,17.083389629060218,7600.0
1243,17.068762186033123,103829.0
1244,17.060527896478092,9642.0
1245,17.05949576709805,18026.0
1246,17.053300968877895,46893.0
1247,17.047344897431863,11616.0
1248,17.046998158995027,9882.0
1249,17.046875626530884,5970.0
1250,17.042298916013337,15794.0
1251,17.036769141806264,5745.0
1252,17.021896832087407,8968.0
1253,16.99554887624618,21810.0
1254,16.981533683731474,18776.0
1255,16.97976908585385,789.0
1256,16.966933025684952,9060.0
1257,16.954072368358577,8800.0
1258,16.941109674123688,20344.0
1260,16.939577601307022,10934.0
1261,16.9295881535065,4651.0
1269,16.88080396817864,7686.0
1271,16.87683827828811,5526.0
1272,16.87302993033759,38245.0
1273,16.848857255279214,38946.0
1275,16.833901181276378,41353.0
1276,16.827317735164232,12027.0
1277,16.823196204447505,1933.0
1278,16.81855999565854,13282.0
1279,16.80550399585644,14366.0
1280,16.804750149601496,24868.0
1281,16.798751944182715,15616.0
1282,16.798136061849288,13448.0
1283,16.793722136632773,10942.0
1284,16.784998594531118,49590.0
1285,16.78449102148536,21566.0
1286,16.780451455469624,52021.0
1287,16.773816212016076,4385.0
1288,16.76962989928923,1445.0
1289,16.768857167186667,18066.0
1293,16.755324542523184,6604.0
1295,16.736193154561267,17271.0
1296,16.730581811895956,27093.0
1298,16.722748500950864,26250.0
1299,16.717537078931965,111997.0
1300,16.713501052771985,8447.0
1302,16.67880621084076,8428.0
1303,16.673866571139452,55746.0
1304,16.667564474995277,25676.0
1305,16.654147579022265,12081.0
1306,16.644608681397518,13159.0
1308,16.63813230265744,4810.0
1309,16.63672222801266,49574.0
1311,16.608182076582544,8992.0
1315,16.595777415237734,9250.0
1321,16.53492764388894,23556.0
1323,16.527881146072804,10998.0
1324,16.522932695208997,8821.0
1327,16.510957942815534,2808.0
1328,16.509900818779137,6180.0
1332,16.4956914594779,4326.0
1335,19.866818355815454,410562.0
1336,19.82680393790742,602519.0
1337,19.635996626630035,175265.0
1338,19.49337585530668,160669.0
1339,18.832445269004985,247177.0
1341,18.58385336624644,364776.0
1342,18.561388360775588,
1343,18.450904606545638,235230.0
1345,18.281877938957855,167596.0
1346,18.258493430052294,218770.0
1347,18.20051679919839,125178.0
1348,18.01091633708977,161029.0
1350,17.963397387903168,96874.0
1354,17.87611217662142,156379.0
1355,17.854109278784286,76693.0
1356,17.829900891931754,44046.0
1358,17.826202550627766,260249.0
1359,17.815183569748232,261.0
1362,17.790744203285797,103706.0
1364,17.76820072992744,81319.0
1369,17.70998353868093,42009.0
1372,17.67258037977338,66.0
1374,17.577590170508003,140468.0
1375,17.575092201847937,57133.0
1376,17.570975772128904,162309.0
1377,17.554923346519338,235651.0
1380,17.529920078784023,38008.0
1381,17.487308551048564,90619.0
1382,17.4459580876678,5764.0
1384,17.372989975072194,39224.0
1386,17.371352697377088,69127.0
1387,17.331154511769807,7327.0
1388,17.288844119073996,4984.0
1389,17.272302267959148,106176.0
1392,17.23823750627664,167473.0
1395,17.218727898135896,140539.0
1396,17.177351433253666,27792.0
1397,17.166962814627016,77248.0
1398,17.163477858597204,34237.0
1399,17.141927207887385,174428.0
1400,17.13670077576565,65132.0
1401,17.089424681927706,30789.0
1402,17.07454726926893,7.0
1403,17.069306013423237,25829.0
1405,17.039810247051363,149097.0
1406,17.038667884110982,9990.0
1408,17.006278470740593,25899.0
1409,16.999779699851516,227595.0
1410,16.996785320536326,89677.0
1411,16.92842164022186,66024.0
1412,16.898307657079496,32043.0
1413,16.867537528017312,14.0
1414,16.86708667891646,130541.0
1415,16.837636776509363,101995.0
1416,16.801504972091443,51183.0
1418,16.763904338164707,54498.0
1420,16.75194590916869,39237.0
1421,16.751940179264892,14015.0
1422,16.739746829813196,115376.0
1425,16.683946361305626,62764.0
1426,16.671450163671086,3443.0
1427,16.657046817330087,70696.0
1429,16.632970047371504,15779.0
1430,16.595853079159223,48.0
1433,16.567902886642113,8849.0
1435,16.543241352773077,44384.0
1436,16.52823548216904,306516.0
1437,16.525745038457078,20049.0
1438,16.517165955826982,18027.0
1440,16.481331594390983,21399.0
1441,16.468111542539788,69284.0
1442,16.4660439280616,19711.0
1443,16.43175602134787,95916.0
1444,16.42977118921528,269941.0
1445,16.411862722196037,177369.0
1446,16.381318008696912,48509.0
1448,16.32117036354523,29604.0
1449,16.304600030871104,102909.0
1450,16.28479743510941,2299.0
1451,16.273577301793427,31076.0
1452,16.27261520560004,54573.0
1453,16.140238283403743,7301.0
1454,16.127802189720374,5165.0
1455,16.119116030194316,13559.0
1456,16.066318871289543,24942.0
1458,15.956736871755277,11803.0
1459,15.931016876526746,32191.0
1460,15.930750135190218,27603.0
1461,15.911136670051082,9124.0
1462,15.90130400849006,42869.0
1463,15.85622868281851,8037.0
1464,15.813159716347188,41998.0
1465,15.692318492820245,42040.0
1466,15.679843060024426,23643.0
1467,15.669136857540332,2267.0
1469,15.659025473104744,11938.0
1471,15.592068906706375,15749.0
1472,15.580748246860868,1236.0
1473,15.533174337014465,2028.0
1475,15.346595284678497,15569.0
1476,15.342075645050476,1480.0
1479,15.241416180963363,5290.0
1482,15.204614468601095,1492.0
1483,15.140881987152692,25772.0
1485,15.104699679122943,313.0
1486,15.101683986140815,307.0
1487,15.084456164114272,731.0
1488,15.020400241827673,2790.0
1490,15.012468112868302,
1492,14.971889427353211,35471.0
1498,14.925268172765152,10583.0
1501,14.774635466561545,4986.0
1503,14.680548836722126,33222.0
1505,14.617089632666532,37505.0
1506,14.613021357445573,27522.0
1508,14.560698803261822,1561.0
1509,14.535128281853755,6300.0
1510,14.341248045185237,1134.0
1512,14.312679350282652,10.0
1514,14.152501231602361,1465.0
1517,14.089880161405324,7788.0
1520,13.98913776150155,
1522,13.882531620045507,2549.0
1523,13.880125326194962,17560.0
1524,13.874262368340112,17918.0
1527,13.858707011224828,104637.0
1528,13.847081896801592,2697.0
1530,13.839851889350433,39.0
1531,13.837589024944153,3613.0
1533,13.830519360279274,1357.0
1535,13.755138279306626,6.0
1537,13.676320901802118,487.0
1540,13.570099669450327,8407.0
1542,13.347367596601922,36502.0
1544,13.289850445239829,479.0
1545,13.219999939989682,25141.0
1546,13.20651333109094,4573.0
1547,13.199100319358037,5946.0
1551,13.138120578083361,4407.0
1553,13.103129588289029,14230.0
1554,13.083229540477198,27464.0
1558,12.718177450794546,1292.0
1561,12.663633559260925,199.0
1563,12.635361696361338,15602.0
1568,12.494880334238214,10844.0
1571,12.47059611569591,16865.0
1576,12.212427411168182,7129.0
1578,12.10202793049357,963.0
1579,12.063771482060064,606.0
1580,12.009497994258108,20767.0
1581,11.99036388751828,620.0
1585,11.925915522827017,467.0
1586,11.920235536752422,466.0
1589,11.821607976466948,273.0
1593,11.572288114363735,573.0
1594,11.546369912189585,
1596,11.347260415151336,3863.0
1597,11.330935853076468,43315.0
1600,11.226256212776141,7285.0
1604,10.911080442817068,570.0
1609,10.626096443245693,203.0
1610,10.514583760207204,6210.0
1621,9.569970943740548,8186.0
1628,19.634198756486313,18.0
1629,19.533722679378634,436199.0
1630,19.383972089228532,8.0
1631,19.339729824083744,342721.0
1632,19.250293086299504,227861.0
1633,19.24462051880029,286330.0
1634,19.19787554641548,274412.0
1637,19.071543074081564,185837.0
1638,19.06473643069766,225753.0
1639,19.005661002354795,219029.0
1640,19.0030128598124,
1641,18.992789596135253,70070.0
1642,18.968550149613737,130896.0
1643,18.94166515407089,274608.0
1644,18.93617123030848,391398.0
1645,18.928173822954378,246343.0
1646,18.91272994277638,291361.0
1647,18.912199962683545,141071.0
1648,18.903114214157515,155967.0
1650,18.828911570599317,101590.0
1652,18.815947431168905,207411.0
1653,18.8148357870544,124824.0
1654,18.814163529910683,113440.0
1655,18.801417121817924,70791.0
1656,18.77565334572855,59728.0
1657,18.772107614814658,128825.0
1658,18.766680152600745,162340.0
1660,18.75740557009873,80471.0
1661,18.74716356638524,157282.0
1662,18.746002956590587,342296.0
1663,18.738083981677693,214739.0
1664,18.730473762774867,139216.0
1665,18.72555780411447,155772.0
1666,18.710873599249233,89733.0
1667,18.70868161058388,180314.0
1669,18.657181757823185,109475.0
1670,18.654118741162797,97507.0
1672,18.643936528968137,118433.0
1673,18.642785956379285,126399.0
1675,18.63606459451025,36064.0
1676,18.61512210826541,376327.0
1677,18.610541095820018,235924.0
1678,18.601280544374127,50793.0
1679,18.60012168074153,161823.0
1680,18.59794654190853,212480.0
1681,18.59648089922324,164100.0
1682,18.588830419006374,220021.0
1683,18.583880845399843,118448.0
1684,18.577125789707996,21.0
1685,18.57250408906453,122937.0
1686,18.567397540813893,160443.0
1687,18.566046390988575,473575.0
1688,18.561346443033766,43689.0
1689,18.545817492440392,183599.0
1690,18.538417005181508,116887.0
1691,18.519252526216547,101357.0
1692,18.519011239824785,100587.0
1694,18.49331696504018,63956.0
1695,18.48928151857939,275176.0
1697,18.46275374124225,43554.0
1698,18.450512411875305,149277.0
1699,18.445527422722716,291051.0
1700,18.44356511778595,68037.0
1702,18.435275736989464,261961.0
1705,18.425421976524884,170619.0
1706,18.425357719829954,186256.0
1707,18.423605024074412,142019.0
1709,18.40840613826395,124551.0
1710,18.38983686455276,403627.0
1711,18.38398910359669,183999.0
1713,18.360138769970504,70047.0
1714,18.35982102637809,119754.0
1715,18.358924747998504,61457.0
1717,18.348648798440244,272165.0
1719,18.332365298853595,30024.0
1720,18.33122915205864,17485.0
1721,18.327881690629187,41132.0
1722,18.324341172506216,106784.0
1723,18.303193821950007,140891.0
1724,18.28533490621745,219957.0
1726,18.259399389519032,56623.0
1727,18.246913030505354,84981.0
1728,18.240984884994813,144871.0
1729,18.23042053528158,19711.0
1731,18.224987876300123,58594.0
1732,18.211925248840025,175446.0
1733,18.204686698900876,54161.0
1734,18.202037588149665,38900.0
1736,18.172624687123108,84476.0
1738,18.14103948401385,255008.0
1739,18.140838340830456,330378.0
1740,18.133964258504705,83878.0
1741,18.130162640430175,11426.0
1742,18.121710627241004,51935.0
1743,18.116605555608967,23526.0
1744,18.114984180535302,59765.0
1745,18.108833566420326,93667.0
1746,18.10739068808614,137734.0
1747,18.10028446981824,94239.0
1748,18.095868548074293,118656.0
1750,18.08836421042321,41887.0
1751,18.078440882514233,23196.0
1752,18.076879336454766,365571.0
1753,18.075818045649246,85293.0
1754,18.0633173345042,207013.0
1755,18.05314502039917,45262.0
1756,18.048397304466242,31459.0
1757,18.042614821383644,55672.0
1758,18.03885858553605,20737.0
1759,18.029579337197188,152514.0
1760,18.02219386626042,54246.0
1761,18.021116610794135,84233.0
1764,18.012505040497658,369015.0
1765,18.003432997390274,64967.0
1766,18.00223713831878,147494.0
1767,17.996832374371607,132179.0
1768,17.992696707339906,10722.0
1769,17.98993778090793,39936.0
1770,17.989233083889665,30529.0
1771,17.98155870769402,8204.0
1772,17.972218496159968,55558.0
1773,17.97157999924286,301210.0
1774,17.963603748606076,54724.0
1775,17.962207962221683,159450.0
1776,17.947809631403196,102050.0
1777,17.947774907374097,138986.0
1779,17.934373164695096,57043.0
1780,17.93220712577337,18497.0
1781,17.930913037707377,118210.0
1782,17.91851909598672,139343.0
1783,17.91651383499005,53989.0
1784,17.913852038522275,109251.0
1785,17.911995594402754,117940.0
1786,17.911179176570055,39871.0
1787,17.907247623620023,36785.0
1788,17.90356803112909,218062.0
1789,17.901315410439267,49768.0
1793,17.887013764628456,381.0
1794,17.882851515977396,230296.0
1795,17.879449261794043,71698.0
1796,17.871542474614902,41907.0
1797,17.87151376162083,42897.0
1798,17.86736626848123,81173.0
1800,17.862619319867306,101574.0
1804,17.847266341509492,117814.0
1806,17.83733378097234,227604.0
1807,17.819463071524044,199636.0
1808,17.808926546725633,108457.0
1809,17.80847585401217,19552.0
1810,17.799214224866827,78792.0
1812,17.77715446811563,8527.0
1813,17.773151807098653,30101.0
1815,17.769817579837582,158044.0
1818,17.766190463787,185212.0
1819,17.764296990659403,76943.0
1823,17.751278468513313,136774.0
1824,17.7419878944075,44363.0
1825,17.74042370737117,135012.0
1826,17.729204486622343,32743.0
1827,17.728898830990335,35785.0
1828,17.72786138965152,94052.0
1829,17.720761343590045,13848.0
1831,17.709816213992237,6075.0
1833,17.691644983711086,56769.0
1834,17.68718853843743,130333.0
1835,17.687074044836482,21800.0
1836,17.685710630600546,31867.0
1837,17.683636094445216,57649.0
1839,17.67300060590609,7677.0
1840,17.6681668613131,8036.0
1841,17.665288559465697,152442.0
1842,17.663719835528735,32403.0
1843,17.65418887217337,61679.0
1844,17.654155426382687,31205.0
1845,17.65292501058449,16396.0
1846,17.644428742231053,48361.0
1847,17.639845193658545,104335.0
1848,17.62860383692528,66918.0
1852,17.59755575786295,72278.0
1853,17.596363358112605,30595.0
1854,17.59365641957427,84238.0
1857,17.58452376945275,70814.0
1860,17.570338530889195,60108.0
1861,17.561373448110434,
1862,17.560613291594095,11182.0
1863,17.55779001080502,37332.0
1865,17.551029341049528,202943.0
1867,17.53837688428066,24952.0
1868,17.53112599897124,10366.0
1869,17.528168402016327,173897.0
1870,17.52777091108982,11.0
1872,17.52168363661458,38292.0
1873,17.52077877956475,173532.0
1874,17.516594360130853,8956.0
1875,17.51406292821785,16833.0
1876,17.513444149390676,23013.0
1877,17.51004911908343,4960.0
1878,17.508583208329828,72925.0
1879,17.507378267791424,178682.0
1880,17.505661303644537,28816.0
1881,17.504583543349824,27000.0
1882,17.50444281068434,50006.0
1883,17.493556440282575,126210.0
1884,17.490307695065876,54748.0
1885,17.485806044914035,37423.0
1886,17.48275359892404,34231.0
1887,17.480906495112038,9996.0
1889,17.477950754992055,28712.0
1890,17.471409846141118,10466.0
1891,17.467297331057555,61285.0
1892,17.464422418078858,28796.0
1893,17.46170605079823,135822.0
1894,17.460718205489886,13473.0
1895,17.459713828872403,73250.0
1896,17.456304855582456,99540.0
1897,17.455001166234663,43760.0
1898,17.451982465563315,85829.0
1899,17.45151011760087,25022.0
1900,17.451302187431338,7215.0
1902,17.442526177442137,49715.0
1904,17.434506753242637,26362.0
1905,17.434380391734422,7324.0
1906,17.43102567105462,31397.0
1907,17.427884815029376,71193.0
1909,17.4173564712066,68645.0
1910,17.417287221819606,97334.0
1911,17.409562330852722,35465.0
1912,17.407325489313777,63343.0
1913,17.407320585706707,2479.0
1914,17.40042380170262,9394.0
1915,17.39688770442052,28568.0
1916,17.391959283487374,58890.0
1917,17.38310089040413,29362.0
1918,17.381511193068476,31213.0
1919,17.378447437112644,91551.0
1920,17.376808143029837,13473.0
1922,17.370705693475394,43446.0
1924,17.359487931799777,91852.0
1925,17.35711376162313,12953.0
1926,17.35405807738687,62640.0
1930,17.32887931860797,38607.0
1931,17.325843799694603,75582.0
1933,17.317388340612744,8824.0
1934,17.315338147487868,31738.0
1935,17.298330813564018,23897.0
1936,17.291337777965254,4511.0
1938,17.28868506933752,19674.0
1939,17.28724623854722,25427.0
1940,17.285357685585883,68374.0
1941,17.28488813431436,43061.0
1943,17.271568877399353,51572.0
1944,17.265580100434047,16155.0
1946,17.26487625969724,27275.0
1947,17.25481973687763,90731.0
1948,17.253416204350966,24418.0
1949,17.251225333854375,19628.0
1951,17.24758273640861,29250.0
1953,17.235762640236338,40392.0
1954,17.23404881380314,13480.0
1956,17.223770275851937,32333.0
1957,17.222210638636643,21146.0
1958,17.221620486617322,83725.0
1959,17.22096430178485,8626.0
1960,17.220125991426123,24822.0
1961,17.215632361399496,4510.0
1962,17.208680875443005,27041.0
1963,17.202611956419073,26822.0
1964,17.19927106373233,25275.0
1965,17.194550670335328,59.0
1966,17.19169329935738,57556.0
1968,17.18547685356407,39055.0
1970,17.178430413532357,21168.0
1971,17.17803921543254,24014.0
1972,17.173951992892228,29658.0
1973,17.173610859059444,8408.0
1974,17.171983723276767,38513.0
1975,17.16762899876502,68557.0
1977,17.140722786156996,8090.0
1978,17.130270434304588,7597.0
1979,17.128146598426273,2780.0
1981,17.1205910878831,16945.0
1984,17.11459012369332,36260.0
1985,17.113504503206876,11534.0
1986,17.111761412337668,25401.0
1987,17.111611944535507,23424.0
1988,17.10666730408758,45217.0
1990,17.10447038681779,74938.0
1991,17.10366282477619,45911.0
1994,17.06558694344703,46291.0
1995,17.06411154016828,8122.0
1998,17.055548986901663,13613.0
2000,17.05224700801557,76085.0
2001,17.050474079093522,122705.0
2002,17.040122619125995,17983.0
2003,17.03713157135212,7686.0
2004,17.031271015109905,36581.0
2005,17.02715775917174,50399.0
2006,17.0245855915977,65799.0
2007,17.023048915950813,42696.0
2008,17.009989955374955,4864.0
2009,17.008529639905245,25964.0
2010,19.723759963255045,229281.0
2013,19.44765795930483,189026.0
2014,19.37636457796612,122426.0
2016,19.357387170060715,8910.0
2017,19.343009152319922,308188.0
2018,19.307869124715307,257643.0
2020,19.24961100081836,218415.0
2021,19.24253362343398,410725.0
2022,19.203739407542855,400905.0
2025,19.161844813591134,240120.0
2026,19.12387619611368,222864.0
2027,19.01627361102256,189782.0
2028,19.014956724294233,171735.0
2029,18.987368273788544,293337.0
2030,18.96341955350413,184878.0
2032,18.946040582445267,191446.0
2033,18.92896741730983,233966.0
2034,18.926335351026776,128117.0
2036,18.86107777250173,198807.0
2038,18.818179336809983,
2039,18.81790476741344,270095.0
2040,18.815681962692093,74112.0
2041,18.792958493564036,179229.0
2044,18.720984590624337,70749.0
2045,18.72032745381269,50162.0
2046,18.71935403851032,281809.0
2047,18.717138331193464,269578.0
2048,18.717126205496797,82080.0
2049,18.699654261777642,187167.0
2050,18.68712289789964,55336.0
2051,18.684310707085253,297574.0
2052,18.67388020887924,76220.0
2056,18.654751843536737,146637.0
2057,18.64857463451803,120788.0
2060,18.605315074222744,54063.0
2061,18.604476912971098,167514.0
2067,18.575553171828258,156790.0
2068,18.56987353660032,176337.0
2069,18.565974271902814,50579.0
2071,18.544700910428137,199435.0
2073,18.533459170752064,75705.0
2075,18.50873690413258,75948.0
2076,18.49843133442348,21183.0
2077,18.46532053580111,145084.0
2078,18.445968340480295,284947.0
2079,18.445293119177464,102101.0
2080,18.43210805284321,338.0
2082,18.425293070800578,105320.0
2083,18.423957310141756,74781.0
2084,18.42308336534464,154174.0
2085,18.421158929603383,32879.0
2086,18.391299511944293,205980.0
2088,18.34972056000322,185897.0
2090,18.33138699706426,95161.0
2091,18.326887260382595,88303.0
2092,18.30535109004229,319802.0
2093,18.298665584229074,245272.0
2094,18.295641419999136,127833.0
2095,18.293950899695883,98062.0
2096,18.2897469232862,222438.0
2097,18.282236790148566,44834.0
2101,18.186121897874163,113612.0
2102,18.17281625777171,99959.0
2103,18.17053315607691,53113.0
2104,18.168845391442563,44161.0
2106,18.146066290373998,188700.0
2107,18.1435205221735,79471.0
2108,18.141338597436654,62918.0
2109,18.141131642384106,133918.0
2110,18.137410259454185,97162.0
2111,18.115396918901926,39071.0
2112,18.101964192049476,81489.0
2113,18.09165987679545,60993.0
2114,18.08699912991938,111480.0
2115,18.07788069690085,27430.0
2116,18.07148057982547,10138.0
2118,18.05973436182511,7072.0
2119,18.040576317909384,62752.0
2120,18.028297271911363,92619.0
2121,18.024585649831252,182838.0
2125,18.018545729920934,80896.0
2126,18.016592757177193,56091.0
2128,18.013133469639875,93357.0
2129,18.01299299260172,105125.0
2130,18.01097829598652,52986.0
2132,17.996378704613445,182814.0
2134,17.98175887316626,109131.0
2136,17.97261125694523,30760.0
2137,17.969049857459883,84131.0
2138,17.965770159504643,86076.0
2139,17.9613790521417,197236.0
2141,17.953205435807455,128295.0
2142,17.950907728113314,140073.0
2143,17.950607432278865,179881.0
2144,17.948475653267625,110840.0
2145,17.942317147354757,84106.0
2146,17.93698234394017,135963.0
2147,17.93057107210468,41174.0
2148,17.92596589194309,135262.0
2150,17.91076354078075,33.0
2151,17.90906872772753,82443.0
2153,17.893403142190035,173612.0
2154,17.891077247649637,43051.0
2155,17.88575901006969,27627.0
2156,17.884548166844027,14707.0
2157,17.883214215072762,69588.0
2158,17.882154304152298,11883.0
2159,17.871824573170983,167589.0
2160,17.865337346345935,23478.0
2163,17.860560686394386,41694.0
2164,17.85876392818178,155972.0
2165,17.847744919402068,39327.0
2167,17.8215753027025,80593.0
2168,17.79464797033573,20137.0
2171,17.76916064814055,29805.0
2172,17.76396278781005,94431.0
2173,17.75578453992884,41014.0
2174,17.754513801274076,72807.0
2178,17.739716805383562,33575.0
2181,17.724560969610067,7264.0
2182,17.716237401314547,47093.0
2184,17.696564741540282,40238.0
2185,17.69630308948605,47754.0
2186,17.694194894647723,26381.0
2188,17.688643992205584,53679.0
2189,17.684787114129776,78786.0
2190,17.680994046615,75198.0
2191,17.677014243093847,94836.0
2192,17.67588235232876,33292.0
2194,17.67375440285089,94821.0
2196,17.661742909330172,29639.0
2200,17.618913987205914,40440.0
2201,17.614785784526592,451619.0
2202,17.61367257643803,150865.0
2203,17.59648571279417,20182.0
2205,17.580999093135507,11456.0
2206,17.579944972553488,102359.0
2207,17.569101330785422,29614.0
2208,17.569016263742345,38017.0
2209,17.56530576798159,279619.0
2210,17.56351979953921,9876.0
2211,17.555573144148116,141959.0
2212,17.55377844962738,106175.0
2214,17.540124607701845,24462.0
2215,17.53843577168876,132337.0
2218,17.51871198623026,36708.0
2219,17.51860906549193,39461.0
2220,17.514108806227835,24135.0
2222,17.493467452513833,102790.0
2223,17.48137539586414,28451.0
2224,17.479102639528193,22694.0
2226,17.47455172003303,134562.0
2227,17.46392227771708,48641.0
2228,17.462590326231844,100252.0
2229,17.4415185805742,66954.0
2230,17.439842184230667,33151.0
2231,17.437527325492667,167921.0
2232,17.435237931489592,25935.0
2234,17.426913623173228,105473.0
2236,17.42001211896938,47944.0
2237,17.415613250440966,45448.0
2238,17.412115527385392,18679.0
2239,17.41016350488856,11988.0
2240,17.407975610345186,96951.0
2241,17.40776985462771,149603.0
2242,17.393114425720444,45.0
2244,17.388087770130454,42642.0
2246,17.38288261207898,9030.0
2247,17.38017587867216,69427.0
2249,17.378494392595425,13557.0
2250,17.376233861207943,23979.0
2251,17.375162487370044,13765.0
2252,17.37410315026645,19719.0
2253,17.37239058824717,100328.0
2254,17.37217546631586,24822.0
2255,17.36297044660468,15178.0
2256,17.359578956859036,93398.0
2257,17.344889463857456,5712.0
2258,17.341931227830496,11526.0
2259,17.33829121189459,43623.0
2260,17.330597628255923,77318.0
2261,17.330072040972944,93113.0
2263,17.324770431656166,48495.0
2265,17.3190016775249,49743.0
2266,17.31272904847898,47375.0
2267,17.310374253872315,20639.0
2268,17.310055254878005,49262.0
2269,17.29950613974898,31282.0
2270,17.298220336009006,57432.0
2271,17.29621764374034,12301.0
2272,17.293170399701552,35730.0
2273,17.288769621937387,117571.0
2274,17.28322684226344,17040.0
2277,17.272678453748355,32956.0
2278,17.270027355043805,7423.0
2280,17.26497256890119,77659.0
2281,17.261488106237767,26252.0
2285,17.255247010257815,37481.0
2286,17.25472745085623,
2287,17.250852811697303,55048.0
2288,17.247097788039188,89112.0
2289,17.23987418465827,9429.0
2292,17.227430249654706,29703.0
2293,17.226936020682317,33079.0
2295,17.20874333957088,50040.0
2296,17.208696365835305,21210.0
2297,17.196915012283206,19480.0
2298,17.183193037330174,16297.0
2299,17.180963829412907,20899.0
2300,17.179014379780707,8979.0
2303,17.173566938844026,25963.0
2307,17.155269922510378,80956.0
2308,17.15065239283153,103036.0
2310,17.13134774414056,52269.0
2313,17.115045429760713,17242.0
2315,17.114071118749457,12417.0
2318,17.07383091708979,15625.0
2319,17.0704837619136,60766.0
2320,17.06957918714919,13024.0
2321,17.057662734461992,92457.0
2324,17.05475814225988,218531.0
2325,17.05364140924226,57661.0
2326,17.038565637568748,15403.0
2329,17.022622782198866,5812.0
2330,17.002034829288803,20973.0
2332,16.98662570456054,52329.0
2333,16.980395854176802,62961.0
2334,16.976758117453105,7814.0
2336,16.96163674925752,8615.0
2337,16.960064049243442,43612.0
2338,16.954953922253633,25141.0
2339,16.950629877541612,33319.0
2340,16.94948666562823,23069.0
2341,16.943461306393345,32355.0
2343,16.935315777482252,4791.0
2344,16.931027418289663,59443.0
2345,16.925994477151132,33666.0
2346,16.914071990995716,14629.0
2348,16.891496639985384,4168.0
2349,16.888039275775736,79538.0
2350,16.887136358619543,27033.0
2352,16.881520943396502,35582.0
2353,16.878603304701123,71549.0
2354,16.877501294582366,8968.0
2356,16.874327483800506,40721.0
2357,16.866810689427847,7239.0
2358,16.864269058510384,14982.0
2360,16.859202031484937,32682.0
2361,16.854448191565133,7370.0
2362,16.85195281976605,28751.0
2366,16.828599872765977,23227.0
2367,16.82641913661468,3083.0
2368,16.825146525641582,5802.0
2370,16.823506820432915,6202.0
2371,16.819077063626782,13880.0
2372,16.815235848803244,7191.0
2373,16.809020263442665,78741.0
2375,16.792557339993493,218232.0
2377,16.79078657165085,15704.0
2378,16.76920937430666,10706.0
2379,16.765359717780196,19147.0
2381,16.723496275259663,21352.0
2383,16.70331112428972,6642.0
2384,16.683433493810476,6199.0
2385,16.67947976020591,7053.0
2387,16.675424253850448,43653.0
2388,16.67488086516852,56441.0
2389,16.669406361297455,4084.0
2391,16.653428523794464,20971.0
2392,16.6509500693291,3157.0
2393,16.648790546858496,47521.0
2394,16.644512458091327,9549.0
2395,16.637429536592663,56798.0
2396,18.240405296448372,125846.0
2397,18.18811109372641,353116.0
2398,18.083095568244136,59267.0
2399,18.064189311745753,53452.0
2400,17.98889989932559,64460.0
2401,17.83639657813291,15325.0
2402,17.47740008893953,11898.0
2403,17.424231762313276,75146.0
2404,17.269044696084695,51731.0
2405,17.239708031280077,55988.0
2406,17.136771331879654,
2407,17.102650941163777,17731.0
2410,17.051469826300877,3406.0
2411,17.035110880320776,32588.0
2412,17.02745151210604,69007.0
2413,17.01327322036009,162401.0
2414,16.882591765309378,
2415,16.83089000555574,24804.0
2416,16.756913142473003,24.0
2417,16.524470345267503,2104.0
2418,16.497813935991456,5461.0
2419,16.243039564000853,68139.0
2420,15.994848677644772,69227.0
2421,15.814963505089766,23745.0
2422,15.751091544418733,40589.0
2425,13.196895545288605,47779.0
2429,16.261174174349897,33.0
2430,15.90373058078319,120.0
2431,15.8848479744652,37384.0
2434,15.650276833272693,49682.0
2435,15.493361787309345,80383.0
2436,15.480252421339992,18401.0
2437,15.444993617303904,14.0
2439,15.28081224478088,7.0
2440,15.240357861251098,4440.0
2441,15.155778519695962,5176.0
2442,15.066577803820044,11039.0
2443,15.023355356436461,17.0
2445,14.902017201423707,20662.0
2447,14.734677549435123,2044.0
2448,14.633926023009485,91.0
2450,14.561214609262823,501.0
2453,14.204674182613068,
2456,14.01723923901679,10.0
2460,13.708800242848012,2729.0
2463,13.661199031868614,36565.0
2464,13.61833441609763,1680.0
2465,13.409112514807509,1288.0
2467,13.296346936171021,2433.0
2468,13.26220879455624,4889.0
2469,13.251041512001382,6195.0
2470,13.2154656670666,421.0
2471,13.026118961337176,5831.0
2472,13.003982913323117,
2473,12.926796081860223,6687.0
2474,12.830338555518411,
2475,12.77567553874866,7170.0
2477,12.758744379231166,
2478,12.626534734644245,374.0
2480,12.461578831661376,4948.0
2481,12.27516484541723,13880.0
2482,12.15278262216335,14776.0
2486,11.745924293115165,386.0
2487,11.557191123268215,3077.0
2489,11.401345649498484,6907.0
2490,11.37790725329214,288.0
2491,11.082527090316852,374.0
2493,11.046324041652891,668.0
2498,10.56869811440305,5682.0
2499,10.515831319492467,43139.0
2500,10.340289815953332,855.0
2501,10.330975044678786,17698.0
2505,10.00011504611972,867.0
2506,9.993602441978389,2866.0
2507,9.620527646419676,8976.0
2508,9.595126468875947,668.0
2511,17.97831626588778,15633.0
2512,17.758649133823834,15.0
2513,17.529164840800938,156222.0
2514,17.505431544494968,29741.0
2516,17.286630596506722,131261.0
2518,17.039372571108768,95743.0
2519,16.81915633697497,68800.0
2520,16.667920001702022,10622.0
2521,16.59627886103606,63344.0
2522,16.436498471690033,26943.0
2523,16.361416896477223,
2524,16.16769672434722,37952.0
2525,16.163633388861818,1901.0
2526,15.895971704670197,48313.0
2527,15.607717260501936,41.0
2529,14.85486564363921,1786.0
2532,16.455990018728635,16151.0
2533,16.422620976073627,7307.0
2534,16.211378413303724,20736.0
2535,15.85830289732094,37699.0
2537,15.221266066514103,10846.0
2538,14.854962194356085,1329.0
2541,14.723582810464388,6672.0
2542,14.464752871833113,
2543,14.17269467225378,7061.0
2546,13.662842944516873,621.0
2548,13.45135340627775,2324.0
2550,12.979850053447853,1102.0
2553,12.756590025337477,104674.0
2555,12.670187092534004,506.0
2558,12.547354724861425,2049.0
2559,12.49383846447512,1161.0
2560,12.35280588402957,457.0
2561,12.337118451642334,2750.0
2562,12.217744266390575,2748.0
2563,11.894712445723815,6593.0
2564,11.640157055446222,
2565,11.595325392217443,26970.0
2569,11.444518136305328,3416.0
2570,11.434704430375628,
2571,11.388891684046781,4539.0
2573,10.399189386156271,840.0
2580,9.762211965178174,19.0
2582,9.373903755841548,441.0
2583,9.373648989588206,3403.0
2585,9.299723933110869,713.0
2591,8.954673628956414,1632.0
2592,8.69349667588463,21.0
2595,8.491054533806542,511.0
2597,8.146419323098003,6.0
2599,7.852050207265889,187.0
2600,7.659171367666058,13.0
2601,7.659171367666058,13.0
2602,7.501082124259871,3014.0
2604,7.408530566894626,
2620,17.44702998379779,17390.0
2621,17.38303207845677,29746.0
2625,17.26631101139217,4582.0
2626,17.25605569599143,5368.0
2627,17.226902993007844,11625.0
2628,17.12473485551932,5188.0
2630,17.089581401584233,88816.0
2633,17.026041702632096,19842.0
2634,16.961800593109487,1706.0
2635,16.886791255009364,5899.0
2636,16.885439081918204,8640.0
2639,16.823926107640446,5310.0
2643,16.683789160640245,130229.0
2646,16.67088050394798,5244.0
2648,16.558905766236624,20615.0
2649,16.47194565851892,9098.0
2652,16.403524110932022,121457.0
2653,16.383789979985615,50895.0
2656,16.345279429551454,13074.0
2661,16.15986177564739,5987.0
2662,16.14327390170495,40718.0
2663,16.135864348475867,45500.0
2665,16.060458381308756,231.0
2667,15.992884860202508,9226.0
2668,15.974826254651905,13055.0
2669,15.899698442914962,43591.0
2670,15.826263110551656,28012.0
2671,15.770710565211811,41627.0
2672,15.770115370078123,8155.0
2674,15.764015765512173,1347.0
2676,15.741378628200037,31344.0
2678,15.706071378486651,30618.0
2679,15.70017717050067,10.0
2680,15.60871514916706,53971.0
2681,15.60767844377892,33424.0
2682,15.56712054953746,10979.0
2683,15.546333544252269,4569.0
2684,15.520762704963934,8820.0
2685,15.42896260297724,7947.0
2686,15.425290012066379,21976.0
2687,15.412863540909727,4753.0
2688,15.367808644620961,18402.0
2689,15.341793574888326,61847.0
2690,15.329168580297438,16949.0
2691,15.206486692459857,55498.0
2694,15.117268567599538,166969.0
2695,15.096446070091616,27283.0
2697,15.002992634595003,116.0
2698,14.910992953623456,36070.0
2699,14.889339938298807,27039.0
2700,14.880720136032043,42958.0
2702,14.811225590953423,16465.0
2703,14.747716370407417,68155.0
2704,14.744610105585545,
2705,14.705314388474301,95823.0
2706,14.681496138655481,9.0
2708,14.660839194988963,81110.0
2709,14.649218926634788,36287.0
2710,14.638543242968234,26648.0
2711,14.603078431943704,4168.0
2713,14.512296111610238,16385.0
2716,14.354469307984411,74362.0
2719,14.173353519504788,36390.0
2720,14.158089113017247,6705.0
2721,14.114284636043166,2751.0
2722,14.094046431162393,58433.0
2723,14.074171048845642,1963.0
2724,13.98149946013733,5762.0
2726,13.821034274115958,19655.0
2727,13.736748696323794,3474.0
2729,13.448190584782457,2702.0
2732,13.243676176110958,2987.0
2735,13.08643563646184,9405.0
2739,12.726270215095157,44291.0
2741,12.50464272788856,936.0
2742,12.439574365312563,6261.0
2743,12.339282736542861,4284.0
2744,12.013258230741812,1194.0
2745,11.641160355860418,7965.0
2746,11.576895074308167,1800.0
2748,11.058212337893119,91.0
2750,10.747100058912297,10689.0
2751,10.564576309402185,1475.0
2754,10.233366673687698,5761.0
2756,9.396321889601625,688.0
2757,20.435271901203663,766609.0
2758,19.881823487875778,428705.0
2759,19.756393602037967,416467.0
2761,19.539648670376874,372894.0
2762,19.526570659667176,367115.0
2763,19.47066720544698,256760.0
2764,19.347252908295143,302.0
2765,19.340418599662428,196717.0
2768,19.26925839363122,332730.0
2769,19.20738480454813,26208.0
2771,19.196913570058516,47678.0
2775,19.0965480080038,136496.0
2776,19.090204173111243,159138.0
2777,19.047519437909607,125271.0
2778,19.045232111687135,290167.0
2780,19.02573422019954,230213.0
2782,18.99303629820744,108896.0
2784,18.990304484843147,350216.0
2786,18.98819329876109,275298.0
2787,18.972180923530058,161856.0
2789,18.898911952402074,
2790,18.888069632741768,111945.0
2793,18.856972975855733,236014.0
2796,18.80104963319877,168969.0
2797,18.792251121051244,10.0
2798,18.79087110280806,325205.0
2799,18.786410801325015,65021.0
2800,18.78268015074722,142456.0
2802,18.756111631414846,199630.0
2803,18.747207574279713,66468.0
2805,18.717293342779985,306700.0
2806,18.70669198634468,18807.0
2807,18.702522183063724,265940.0
2808,18.698864797692416,352777.0
2809,18.697719410780138,508.0
2810,18.694809648245037,44057.0
2811,18.671485826983446,266559.0
2812,18.669102196054585,89412.0
2813,18.655571695571258,401244.0
2814,18.64372047387732,364181.0
2815,18.6428025734866,180090.0
2816,18.641745816725805,240852.0
2818,18.613349788695764,232563.0
2819,18.598989275989545,172739.0
2824,18.554571012173337,159495.0
2825,18.54701866423225,35666.0
2826,18.54248146677291,30609.0
2829,18.493175176479458,75038.0
2831,18.46361522559966,89951.0
2833,18.445797832293817,151804.0
2834,18.444669323403705,195579.0
2836,18.436544299753614,32197.0
2837,18.420805726141765,265136.0
2838,18.407711039775847,114993.0
2839,18.358038237575613,154208.0
2842,18.301540196043028,122646.0
2843,18.289482581513766,78633.0
2844,18.28013677487402,33641.0
2846,18.260045310150648,415075.0
2847,18.25300877207257,30343.0
2849,18.237942120198078,34619.0
2850,18.23468999991636,51953.0
2852,18.22917118242084,36980.0
2855,18.216885574623692,131862.0
2857,18.201001759090804,126169.0
2858,18.199686481261722,216916.0
2859,18.189592945502834,128530.0
2861,18.171087641910475,236709.0
2862,18.162781345121193,19369.0
2864,18.156827874061396,105677.0
2865,18.153745140819414,57221.0
2868,18.1477312652559,40357.0
2869,18.145891204482524,35306.0
2870,18.14129152388435,98374.0
2871,18.139720774125312,100384.0
2873,18.1334007639839,98824.0
2874,18.094667724521287,23533.0
2875,18.075923120109803,99878.0
2876,18.074947817201146,71226.0
2878,18.059488928577196,27136.0
2879,18.056371259504065,69143.0
2880,18.043213326981764,73003.0
2883,18.02540155280617,145904.0
2884,18.020981322283127,6733.0
2885,18.01218912056371,128274.0
2886,18.000697318257828,53385.0
2887,17.990121079860405,76850.0
2889,17.983340606969605,179905.0
2890,17.982282349730845,148845.0
2891,17.974450280344925,27978.0
2892,17.97094201944985,36880.0
2893,17.961490803452165,31735.0
2895,17.925121001406808,70363.0
2896,17.919679849092542,61114.0
2897,17.91090237162711,44725.0
2898,17.910741310736842,17058.0
2899,17.910225984740947,25813.0
2900,17.905437845042556,255443.0
2901,17.904843650389058,13326.0
2902,17.893574253205973,35139.0
2903,17.888214474769313,65897.0
2904,17.888115807725566,86635.0
2907,17.86099253589467,9901.0
2908,17.847965248278516,27171.0
2910,17.8431304244429,51930.0
2911,17.83143862839561,61365.0
2912,17.831416798408327,89.0
2914,17.81848500313045,128586.0
2915,17.81567965135398,45307.0
2916,17.80860300533235,117800.0
2918,17.79734109761822,15621.0
2919,17.784465124836643,75494.0
2920,17.781562647093363,57033.0
2921,17.780098214263717,16256.0
2922,17.77584010587383,76492.0
2923,17.766767507227406,154903.0
2925,17.755785881487142,13312.0
2927,17.749304565891915,65079.0
2930,17.72769641013217,22219.0
2931,17.725058041815736,26347.0
2932,17.71857358238092,94691.0
2933,17.716343750298414,71690.0
2934,17.713910550090045,52180.0
2935,17.707507615962154,13440.0
2936,17.70362852108714,81518.0
2937,17.6993000421779,55100.0
2938,17.698072331990687,47309.0
2939,17.68913201223432,8591.0
2941,17.682445356515686,145849.0
2942,17.674099305092145,190920.0
2945,17.65176086789384,148080.0
2946,17.647439024375664,33593.0
2947,17.645116619449222,13407.0
2948,17.63676727645287,38260.0
2950,17.617490747299424,25924.0
2951,17.614874567393468,137029.0
2952,17.607357707223052,23591.0
2953,17.602954210000124,21323.0
2954,17.60036783259723,13199.0
2955,17.596241239324804,108818.0
2956,17.592878225091813,4663.0
2957,17.58177658766171,91612.0
2958,17.578937401959536,135357.0
2959,17.570205748479008,20439.0
2961,17.542261666622533,27289.0
2962,17.52936821802926,59059.0
2963,17.528626154648332,52845.0
2965,17.521478002196414,99602.0
2966,17.51573948743443,101757.0
2967,17.499001193441273,152158.0
2968,17.497852866425603,82643.0
2969,17.496551722794212,122730.0
2970,17.48580385458253,28964.0
2971,17.477095174134394,37.0
2972,17.476423931282202,35498.0
2973,17.464503699462746,26152.0
2974,17.459227255902224,82405.0
2975,17.45801698802048,17031.0
2976,17.450868289218842,28.0
2977,17.450118075410725,75080.0
2979,17.444452649357633,4933.0
2980,17.440387214082033,258992.0
2981,17.4403617340778,57.0
2983,17.42724170740936,1109144.0
2984,17.42223384762743,49516.0
2985,17.41723782517533,36031.0
2987,17.40679639471355,40304.0
2992,17.391774212607707,80540.0
2994,17.38089381233539,92501.0
2995,17.373711688436096,94777.0
2996,17.373528452276155,14133.0
2997,17.366902432627803,21247.0
2998,17.337830666375176,29609.0
2999,17.33693956023559,41087.0
3000,17.335167427918613,25170.0
3003,17.332093377414832,10571.0
3004,17.331368713499845,10154.0
3005,17.32487364705219,27384.0
3007,17.30839310244327,47568.0
3009,17.294717998252498,50418.0
3012,17.274046037322268,38138.0
3014,17.26874887779204,112864.0
3015,17.26256915193442,14317.0
3017,17.24570072410496,62302.0
3019,17.23949431373391,78061.0
3020,17.239410280255953,2296.0
3022,17.23131165111281,55138.0
3024,17.220233982490974,8074.0
3025,17.218815350808097,9624.0
3027,17.21149775683266,13704.0
3028,17.195891302395903,13099.0
3030,17.18924228821544,14327.0
3032,17.183573404063495,5517.0
3033,17.17027705017841,189081.0
3034,17.167692575101302,15356.0
3036,17.14318288472292,50457.0
3037,17.123973562924483,17912.0
3039,17.096182873036973,151717.0
3042,17.08965729201129,40234.0
3043,17.080009709289037,12480.0
3044,17.079520768015644,3554.0
3045,17.077400813806538,16188.0
3047,17.070855236167244,23820.0
3048,17.068108003654903,45983.0
3049,17.06532687088311,15587.0
3050,17.04617450905325,208627.0
3051,17.04299890833189,10295.0
3052,17.042571195679486,5849.0
3053,17.042370901554353,14794.0
3054,17.040251350238076,4248.0
3056,17.020299466494468,18532.0
3058,17.010492053529198,62810.0
3059,17.005075299506068,4687.0
3060,17.005019609352228,15855.0
3062,16.97874478510394,2826.0
3063,16.963059260529203,24841.0
3064,16.95909237222852,27273.0
3066,16.94102672352564,7907.0
3067,16.940226285429777,49140.0
3068,16.930472464792043,75131.0
3071,16.92605590564629,11787.0
3073,16.905412315521897,48760.0
3074,16.898839566319246,6954.0
3075,16.889766586166527,6799.0
3077,16.88055063340943,5197.0
3078,16.879532215615978,13292.0
3079,16.870747014112332,37041.0
3080,16.86047004302574,43455.0
3082,16.860039995663197,5583.0
3084,16.85810661760278,32.0
3085,16.85066381307803,17.0
3088,16.843682092901773,5350.0
3091,16.828206186795683,22738.0
3094,16.812308363637236,14952.0
3095,16.811579274914838,6105.0
3096,16.80764637200386,1852.0
3097,16.796188278257105,56883.0
3099,16.77647776919352,45980.0
3101,16.755990077225785,10854.0
3102,16.751746722691443,24789.0
3103,16.742449993594693,13739.0
3104,16.741065508845875,7360.0
3105,16.738529225245983,26354.0
3106,16.73502495816454,7691.0
3107,16.729430859619423,16199.0
3111,16.697252799569775,12701.0
3113,16.684188701775184,2498.0
3114,16.66775633660062,40002.0
3115,16.66738031326173,18499.0
3117,16.656014613021345,9880.0
3118,16.647176528985504,69017.0
3120,16.63742584810233,9684.0
3121,16.63114673654613,7279.0
3122,16.62638542216631,29272.0
3125,16.590469094973564,34959.0
3127,16.574428699670605,1293.0
3128,16.57007748378687,12700.0
3130,16.55109745350046,78156.0
3131,16.53946265112251,8899.0
3132,16.521784649383743,63135.0
3133,16.519714839656885,13078.0
3134,16.51818433194924,23269.0
3135,16.510186724021032,24920.0
3137,16.49264742786465,16582.0
3139,16.487653542216012,10163.0
3140,16.486107320696107,17862.0
3141,16.479711896533075,5610.0
3142,16.47261778927302,37487.0
3144,16.449726400759133,4363.0
3145,17.973051600564965,91231.0
3146,17.810647672556595,122465.0
3148,17.142902470432023,55859.0
3149,16.961386350532813,73423.0
3150,16.535443347319898,11993.0
3151,16.525162741873213,160462.0
3153,16.30609381528537,13353.0
3154,16.25740862299616,52337.0
3155,16.018052196864307,7.0
3158,14.18475003650837,21253.0
3159,14.089795792173593,48104.0
3160,11.705024070278101,93.0
3165,15.340174152960476,150.0
3167,15.211485906737016,2438.0
3168,15.172668032823553,29409.0
3169,15.07534163130805,10097.0
3170,14.953750528244818,3304.0
3171,14.890747424498985,3042.0
3172,14.873487293064267,7832.0
3173,14.70314128755516,15500.0
3174,14.686303380246573,39783.0
3175,14.633556287652837,8553.0
3176,14.603871095459544,67070.0
3177,14.524020130392412,
3181,14.30400590662218,4793.0
3183,14.272394752547832,34982.0
3186,14.219046473042328,35300.0
3188,14.170933518498755,
3189,14.163865486363322,19216.0
3190,14.133218556547954,5.0
3191,14.016578629007745,12647.0
3193,13.874648899342352,4786.0
3194,13.849746753640405,698.0
3195,13.845962165420103,3366.0
3198,13.765050600465592,48366.0
3199,13.706803337220071,35.0
3200,13.60259081495635,
3202,13.520194084156483,29273.0
3204,13.476219351779262,8803.0
3210,13.369243767629559,783.0
3219,13.188338366327862,2833.0
3220,13.130391069091559,18811.0
3222,13.09106257876771,15706.0
3223,13.077430862927178,1842.0
3227,12.965517736095014,18145.0
3230,12.909472091554465,75768.0
3232,12.87818514012126,9993.0
3233,12.871900015435155,
3234,12.859628844395901,6166.0
3235,12.83667930761522,2364.0
3246,12.704964342416547,12.0
3247,12.699902658639948,259401.0
3249,12.69876993958121,23700.0
3250,12.694944028939839,
3251,12.693587676276655,3187.0
3254,12.634098013077999,23846.0
3263,12.447708161676074,833.0
3264,12.422642638272947,2813.0
3271,12.318865473005296,10609.0
3272,12.288928316187931,26227.0
3275,12.217852984065704,5412.0
3277,12.201944134946393,9552.0
3279,12.111058421926492,4044.0
3282,12.07888111345183,8.0
3288,11.97935396103651,2856.0
3292,11.945253187234963,44088.0
3294,11.930180794452868,750.0
3298,11.905285069899913,1173.0
3299,11.88811004378786,9032.0
3304,11.831488281047873,6.0
3305,11.82804272717055,1833.0
3307,11.790973781453724,2503.0
3312,11.717839870416817,1550.0
3314,11.67394677359348,
3316,11.624860322207184,
3319,11.557583293264585,
3323,11.521756357604984,
3327,11.450996868348062,3938.0
3328,11.399051030769385,21.0
3331,11.341935462918219,27.0
3337,11.155650340959463,
3338,11.13783921111854,
3345,10.981965158783856,
3346,10.947731648720744,7303.0
3349,10.928273880563582,6.0
3350,10.927879042172982,3234.0
3352,10.881926450925217,3459.0
3353,10.875553519877696,1643.0
3357,10.75239839707897,48906.0
3358,10.751799184597422,12.0
3366,10.561137080742917,1260.0
3370,10.45843531933701,2056.0
3371,10.426587537177507,2724.0
3373,10.411388904784872,1241.0
3374,10.41000390471402,
3376,10.37695392954475,1261.0
3378,10.344351978996153,45.0
3381,10.327643559087782,
3383,10.298329770340379,
3385,10.277221166482795,
3386,10.256535928419162,3467.0
3388,10.205553183855171,441.0
3389,10.19058195234216,9.0
3390,10.181232919041921,24084.0
3393,10.107448284433564,1866.0
3398,10.035173493361503,1158.0
3399,10.026589749670112,
3400,10.017084059118668,2075.0
3401,10.00242750039103,727.0
3403,9.983176351437496,1037.0
3404,9.964206287570834,4494.0
3405,9.948986592607346,
3406,9.91219949313815,
3408,9.887561401985868,5880.0
3411,9.79305865876674,865.0
3413,9.781432906528822,634.0
3414,9.688808079634049,97.0
3416,9.659886159319521,9874.0
3419,9.531698970787348,797.0
3420,9.511185430954244,2046.0
3421,9.505916206547065,
3423,9.491224389926964,441.0
3424,9.464750005164392,4576.0
3425,9.408289184655837,7004.0
3430,9.276783328524896,644.0
3431,9.243484970568485,356.0
3433,9.201804040953895,15.0
3435,9.18471482433721,22710.0
3436,9.169518377455928,4616.0
3437,9.167432870964907,7829.0
3438,9.128696382935672,13866.0
3444,9.018089684104343,2544.0
3447,8.98969370086056,12.0
3448,8.980046316633132,71.0
3452,8.910990494656719,1601.0
3454,8.871926251117628,11.0
3455,8.87024156729927,1165.0
3458,8.83200393125627,1346.0
3459,8.821732380934442,7.0
3460,8.805824812903607,2504.0
3461,8.805525052709516,3323.0
3464,8.651549243915316,4595.0
3465,8.651024539049757,41.0
3466,8.64135583403666,52.0
3467,8.615045591583742,1425.0
3468,8.599694412927981,771.0
3469,8.525756422076725,24106.0
3470,8.51959031601596,293.0
3472,8.492080490601163,9061.0
3475,8.38320455141292,541.0
3476,8.339739766019143,6441.0
3477,8.32239411311117,4842.0
3478,8.31996102188653,6987.0
3483,8.215276958936633,
3487,8.148156439921625,2141.0
3488,8.081475040137052,3200.0
3490,8.009695357742922,16681.0
3491,8.00736706798333,6789.0
3492,7.99260665240021,
3493,7.8826922062890254,1444.0
3495,7.83241092718792,7036.0
3496,7.818027938530729,124.0
3497,7.796469243086058,5799.0
3498,7.773594467360194,8429.0
3501,7.563200592358071,7004.0
3502,7.444248649496705,15370.0
3504,7.29776828253138,39.0
3506,6.966967138613983,3723.0
3509,6.840546529288687,440.0
3511,6.656726524178391,2965.0
3515,4.382026634673881,
3520,14.954612946081562,10666.0
3523,14.418024355437359,19249.0
3526,13.887996787232163,9018.0
3527,13.880343723190013,15588.0
3530,12.429216196844383,6877.0
3531,11.388189564068671,8716.0
3533,16.534223773194316,5292.0
3535,14.991841933712406,28100.0
3537,18.136807794239097,125710.0
3538,17.91576010141738,221455.0
3539,17.84091672935818,63804.0
3544,17.51084709517444,145182.0
3547,17.38803528090916,73064.0
3548,17.353575872305345,561264.0
3549,17.329435164330356,100757.0
3553,17.25520877834766,
3555,17.076255700718097,56755.0
3558,16.906337669956486,88633.0
3561,16.785414175124426,47779.0
3562,16.706288733261697,25115.0
3563,16.681907992460832,4163.0
3565,16.635780913513457,76094.0
3566,16.60609120053192,170478.0
3567,16.59659285743741,16245.0
3568,16.58194594973756,33433.0
3569,16.484560091034833,27530.0
3570,16.443345942138556,86964.0
3571,16.436182769428104,74747.0
3572,16.366233583960174,58987.0
3573,16.340637501286793,11006.0
3574,16.326222534380037,20191.0
3575,16.25512063388339,9730.0
3576,16.169332058727857,59808.0
3577,16.131022537569812,32499.0
3579,16.06173120419602,43174.0
3580,16.037836119780266,89920.0
3581,16.01459806563439,19891.0
3582,15.897189220422355,83297.0
3583,15.86973992710584,271804.0
3586,15.825093317650557,22988.0
3588,15.772606201194165,73822.0
3589,15.668074240724344,8211.0
3591,15.571797241775162,
3592,15.564780149472307,14303.0
3594,15.342649318869116,28265.0
3595,15.326952106028521,8131.0
3596,15.274072788572639,9213.0
3597,15.25869788102821,26088.0
3598,15.16478402455469,12834.0
3600,14.94651775277637,21863.0
3601,14.74636078413932,21722.0
3602,14.71194382903892,16162.0
3603,14.54582971984351,10.0
3604,14.395290252464477,32785.0
3605,14.17962019594604,5694.0
3606,14.089725859126855,8366.0
3607,14.040052331310306,11409.0
3608,13.973845898444582,5.0
3610,13.55356380632617,3358.0
3613,13.508974528086721,9117.0
3615,13.19960586041346,12373.0
3616,12.963808345977732,14060.0
3618,12.67161006609729,27172.0
3620,12.243291356012781,315.0
3622,12.02120585236849,4952.0
3623,11.711727142178132,17093.0
3624,11.373192022188952,
3626,10.988828836344187,30482.0
3628,10.51845695203205,863.0
3631,9.904137341377625,686.0
3632,9.336444248771908,88.0
3633,9.038958755220563,
3634,8.882530508433623,1094.0
3635,7.874739125171811,87259.0
3640,17.07231992177851,19621.0
3647,16.364708901555485,38558.0
3649,16.333931445542728,21320.0
3656,16.04396126307109,79546.0
3658,15.967109143187873,21388.0
3659,15.928422658455709,62673.0
3661,15.861789369799938,10041.0
3664,15.77547223456159,127295.0
3665,15.762441471576421,38263.0
3666,15.723495109128079,61497.0
3670,15.626064630262888,28352.0
3671,15.587299775848024,17603.0
3672,15.556802532089549,71016.0
3675,15.518178305968235,
3677,15.494525651143418,56148.0
3678,15.486879532567501,
3679,15.484481861745234,52440.0
3680,15.477494809397518,8145.0
3681,15.466443902108894,41049.0
3683,15.43046999866634,31963.0
3684,15.42780538552723,28245.0
3685,15.426979007461938,220657.0
3687,15.30746049120855,62011.0
3690,15.283892380976052,6536.0
3692,15.258929540686495,
3693,15.250253596382162,17685.0
3694,15.249884116290756,25082.0
3697,15.210163389540199,9219.0
3698,15.191375723593625,8708.0
3699,15.19123272991719,6023.0
3701,15.141739047387803,26870.0
3703,15.122814740640685,42131.0
3705,15.109519933761193,47627.0
3710,14.993625716311914,31798.0
3711,14.980442904889884,21586.0
3712,14.974217759550378,88577.0
3715,14.94158819699593,45623.0
3716,14.938898382613784,7.0
3718,14.928447753475925,6002.0
3721,14.853625924995267,8608.0
3722,14.846726200499624,10953.0
3723,14.800838800329046,17873.0
3726,14.750445206873396,85469.0
3727,14.73638118608437,20396.0
3728,14.718091741974709,2783.0
3733,14.667226074694307,5813.0
3738,14.643109082863372,2630.0
3739,14.641401195809207,5092.0
3740,14.641372735488474,41517.0
3741,14.638091748328872,3603.0
3742,14.631858516121712,5567.0
3743,14.618172911627994,25477.0
3744,14.614306112746794,47006.0
3746,14.586564165975181,7034.0
3747,14.585174699589906,11771.0
3750,14.550807331395669,3898.0
3751,14.546490951082049,25584.0
3753,14.539766794811449,10948.0
3754,14.53920003755673,39115.0
3756,14.471371153738202,6.0
3757,14.456283860516425,
3762,14.405594027634214,
3764,14.373173010810842,5571.0
3766,14.3685970765368,51279.0
3767,14.367847346717989,37.0
3768,14.363803050104218,57050.0
3771,14.341831309763663,3548.0
3772,14.333633888574239,10887.0
3774,14.328316818972699,4784.0
3775,14.311719679211237,27949.0
3788,14.102002172101656,27664.0
3790,14.099695773532396,18065.0
3795,14.048270919173186,17.0
3796,14.025977296950373,5309.0
3798,14.009594334502019,6206.0
3799,13.998103744530189,2392.0
3801,13.968913815684063,12723.0
3802,13.964634625517242,4082.0
3806,13.921481887037599,11673.0
3809,13.906601850766977,9629.0
3810,13.904253767798663,16344.0
3811,13.897030635328049,24135.0
3813,13.89443633440999,6.0
3814,13.892649361077584,1647.0
3817,13.87675898517366,
3820,13.85860740304883,40970.0
3823,13.846885186323412,7476.0
3824,13.845131494197792,19667.0
3827,13.827311650348781,9665.0
3830,13.800743053136694,3428.0
3832,13.733124105866269,719.0
3834,13.718253784775797,1948.0
3835,13.696634675368148,11.0
3840,13.643218140799183,2418.0
3841,13.627612280127103,16139.0
3842,13.605351097333346,5156.0
3843,13.584605715600034,2241.0
3846,13.548463446061788,4007.0
3849,13.497498479302934,1349.0
3857,13.36253394285606,4873.0
3860,13.337724725776482,152.0
3863,13.289811538255426,2792.0
3865,13.243757662421302,3338.0
3866,13.236390033358854,15409.0
3867,13.227508669903312,18.0
3868,13.217066100016615,8761.0
3869,13.206167617022452,1495.0
3875,13.187343675943891,3793.0
3877,13.167384543051849,2110.0
3882,13.0183219913124,54.0
3884,13.016702816737501,28554.0
3888,12.951465916423416,
3889,12.940723987881364,11623.0
3891,12.901587022069597,19847.0
3893,12.894905532896564,11739.0
3894,12.89108684285993,38.0
3895,12.856557597711038,4505.0
3896,12.85165640915851,
3899,12.838930929161776,11245.0
3900,12.836697936849546,2770.0
3902,12.816077318998726,483.0
3903,12.810489700170136,6085.0
3904,12.809642432421121,31.0
3905,12.745179556834056,23735.0
3912,12.644824227303427,5557.0
3919,12.541347737287909,2569.0
3921,12.470688220050208,556.0
3922,12.463698779688759,4490.0
3926,12.406549231245156,10704.0
3930,12.388235856454749,9107.0
3931,12.352654755857479,2738.0
3932,12.341988069093278,3063.0
3933,12.340459297316292,8407.0
3936,12.269690430420189,5928.0
3937,12.253409373019673,5546.0
3938,12.242298493934218,10273.0
3941,12.214591258895503,512.0
3945,12.166218932074466,11.0
3953,12.003129926531726,13334.0
3958,11.850154557960531,3156.0
3962,11.737028555779139,6.0
3965,11.597330949569658,723.0
3967,11.437371832969067,1208.0
3968,11.43617400187109,255.0
3973,11.105844051343766,
3977,9.82720028436401,
